Date,XLF
,XLF
2017-01-03,20.094602584838867
2017-01-04,20.256999969482422
2017-01-05,20.05186653137207
2017-01-06,20.1202449798584
2017-01-09,19.983491897583008
2017-01-10,20.02622413635254
2017-01-11,20.154434204101562
2017-01-12,19.983491897583008
2017-01-13,20.094602584838867
2017-01-17,19.61595916748047
2017-01-18,19.778348922729492
2017-01-19,19.692880630493164
2017-01-20,19.786895751953125
2017-01-23,19.658689498901367
2017-01-24,19.906557083129883
2017-01-25,20.23990249633789
2017-01-26,20.291181564331055
2017-01-27,20.21426010131836
2017-01-30,20.05186653137207
2017-01-31,19.92365837097168
2017-02-01,19.949295043945312
2017-02-02,19.87236785888672
2017-02-03,20.274089813232422
2017-02-06,20.180076599121094
2017-02-07,20.1287899017334
2017-02-08,19.992034912109375
2017-02-09,20.265546798706055
2017-02-10,20.32537841796875
2017-02-13,20.556154251098633
2017-02-14,20.79547691345215
2017-02-15,20.95787811279297
2017-02-16,20.906587600708008
2017-02-17,20.915136337280273
2017-02-21,21.0177059173584
2017-02-22,21.03479766845703
2017-02-23,21.03479766845703
2017-02-24,20.872400283813477
2017-02-27,20.983509063720703
2017-02-28,20.97496795654297
2017-03-01,21.573274612426758
2017-03-02,21.23993492126465
2017-03-03,21.342498779296875
2017-03-06,21.18010139465332
2017-03-07,21.120267868041992
2017-03-08,21.128820419311523
2017-03-09,21.20574188232422
2017-03-10,21.188648223876953
2017-03-13,21.23993492126465
2017-03-14,21.18010139465332
2017-03-15,21.145912170410156
2017-03-16,21.18010139465332
2017-03-17,20.972524642944336
2017-03-20,20.800966262817383
2017-03-21,20.217681884765625
2017-03-22,20.174793243408203
2017-03-23,20.217681884765625
2017-03-24,20.19194793701172
2017-03-27,20.114749908447266
2017-03-28,20.389232635498047
2017-03-29,20.26057243347168
2017-03-30,20.526477813720703
2017-03-31,20.35492515563965
2017-04-03,20.312036514282227
2017-04-04,20.286306381225586
2017-04-05,20.131900787353516
2017-04-06,20.26057243347168
2017-04-07,20.174793243408203
2017-04-10,20.123321533203125
2017-04-11,20.06328010559082
2017-04-12,19.90030288696289
2017-04-13,19.642972946166992
2017-04-17,19.986083984375
2017-04-18,19.79737091064453
2017-04-19,19.737321853637695
2017-04-20,20.071861267089844
2017-04-21,19.865999221801758
2017-04-24,20.312036514282227
2017-04-25,20.492168426513672
2017-04-26,20.475017547607422
2017-04-27,20.38065528869629
2017-04-28,20.183372497558594
2017-05-01,20.312036514282227
2017-05-02,20.286306381225586
2017-05-03,20.44927978515625
2017-05-04,20.483591079711914
2017-05-05,20.44927978515625
2017-05-08,20.432125091552734
2017-05-09,20.35492515563965
2017-05-10,20.423547744750977
2017-05-11,20.294885635375977
2017-05-12,20.209104537963867
2017-05-15,20.363502502441406
2017-05-16,20.423547744750977
2017-05-17,19.780221939086914
2017-05-18,19.857418060302734
2017-05-19,20.028976440429688
2017-05-22,20.080434799194336
2017-05-23,20.234834671020508
2017-05-24,20.226259231567383
2017-05-25,20.26057243347168
2017-05-26,20.25199317932129
2017-05-30,20.114749908447266
2017-05-31,19.94319725036621
2017-06-01,20.19194793701172
2017-06-02,20.114749908447266
2017-06-05,20.149059295654297
2017-06-06,20.06328010559082
2017-06-07,20.217681884765625
2017-06-08,20.44927978515625
2017-06-09,20.835277557373047
2017-06-12,20.8781681060791
2017-06-13,20.989675521850586
2017-06-14,21.023990631103516
2017-06-15,20.938207626342773
2017-06-16,20.91496467590332
2017-06-19,21.130229949951172
2017-06-20,20.949405670166016
2017-06-21,20.777196884155273
2017-06-22,20.648038864135742
2017-06-23,20.57053565979004
2017-06-26,20.68247413635254
2017-06-27,20.785804748535156
2017-06-28,21.113006591796875
2017-06-29,21.25938606262207
2017-06-30,21.242162704467773
2017-07-03,21.552141189575195
2017-07-05,21.586585998535156
2017-07-06,21.4229793548584
2017-07-07,21.56936264038086
2017-07-10,21.543529510498047
2017-07-11,21.35409927368164
2017-07-12,21.4229793548584
2017-07-13,21.552141189575195
2017-07-14,21.457426071166992
2017-07-17,21.38853645324707
2017-07-18,21.35409927368164
2017-07-19,21.362709045410156
2017-07-20,21.35409927368164
2017-07-21,21.35409927368164
2017-07-24,21.44881248474121
2017-07-25,21.715744018554688
2017-07-26,21.56936264038086
2017-07-27,21.44881248474121
2017-07-28,21.44881248474121
2017-07-31,21.603805541992188
2017-08-01,21.7587947845459
2017-08-02,21.79323387145996
2017-08-03,21.715744018554688
2017-08-04,21.862117767333984
2017-08-07,21.82768440246582
2017-08-08,21.767410278320312
2017-08-09,21.767410278320312
2017-08-10,21.379928588867188
2017-08-11,21.293825149536133
2017-08-14,21.586585998535156
2017-08-15,21.603805541992188
2017-08-16,21.56075096130371
2017-08-17,21.190500259399414
2017-08-18,21.199111938476562
2017-08-21,21.138835906982422
2017-08-22,21.371318817138672
2017-08-23,21.30243492126465
2017-08-24,21.30243492126465
2017-08-25,21.362709045410156
2017-08-28,21.22494125366211
2017-08-29,21.15605926513672
2017-08-30,21.242162704467773
2017-08-31,21.267990112304688
2017-09-01,21.32826805114746
2017-09-05,20.871912002563477
2017-09-06,20.92357063293457
2017-09-07,20.561927795410156
2017-09-08,20.751361846923828
2017-09-11,21.113006591796875
2017-09-12,21.362709045410156
2017-09-13,21.397151947021484
2017-09-14,21.35409927368164
2017-09-15,21.417221069335938
2017-09-18,21.667966842651367
2017-09-19,21.832252502441406
2017-09-20,21.96194076538086
2017-09-21,22.01382064819336
2017-09-22,21.98788070678711
2017-09-25,21.96194076538086
2017-09-26,21.95329475402832
2017-09-27,22.221338272094727
2017-09-28,22.255918502807617
2017-09-29,22.359683990478516
2017-10-02,22.549896240234375
2017-10-03,22.62771987915039
2017-10-04,22.523958206176758
2017-10-05,22.757415771484375
2017-10-06,22.783357620239258
2017-10-09,22.696895599365234
2017-10-10,22.800649642944336
2017-10-11,22.757415771484375
2017-10-12,22.584491729736328
2017-10-13,22.593130111694336
2017-10-16,22.740121841430664
2017-10-17,22.62771987915039
2017-10-18,22.748769760131836
2017-10-19,22.766063690185547
2017-10-20,23.034103393554688
2017-10-23,23.01681137084961
2017-10-24,23.181089401245117
2017-10-25,23.042747497558594
2017-10-26,23.172443389892578
2017-10-27,23.155155181884766
2017-10-30,23.060041427612305
2017-10-31,22.999521255493164
2017-11-01,23.034103393554688
2017-11-02,23.250261306762695
2017-11-03,23.155155181884766
2017-11-06,23.129215240478516
2017-11-07,22.809295654296875
2017-11-08,22.696895599365234
2017-11-09,22.619068145751953
2017-11-10,22.549896240234375
2017-11-13,22.584491729736328
2017-11-14,22.575838088989258
2017-11-15,22.636371612548828
2017-11-16,22.6450138092041
2017-11-17,22.619068145751953
2017-11-20,22.72283363342285
2017-11-21,22.792003631591797
2017-11-22,22.67959976196289
2017-11-24,22.670949935913086
2017-11-27,22.653657913208008
2017-11-28,23.241613388061523
2017-11-29,23.639352798461914
2017-11-30,23.794986724853516
2017-12-01,23.84687042236328
2017-12-04,24.210018157958984
2017-12-05,24.080320358276367
2017-12-06,23.993854522705078
2017-12-07,24.071680068969727
2017-12-08,24.21866226196289
2017-12-11,24.15813636779785
2017-12-12,24.400239944458008
2017-12-13,24.09761619567871
2017-12-14,23.941974639892578
2017-12-15,24.157405853271484
2017-12-18,24.37456512451172
2017-12-19,24.27033042907715
2017-12-20,24.226890563964844
2017-12-21,24.435379028320312
2017-12-22,24.365877151489258
2017-12-26,24.2963924407959
2017-12-27,24.322450637817383
2017-12-28,24.418001174926758
2017-12-29,24.244272232055664
2018-01-02,24.252954483032227
2018-01-03,24.38325309753418
2018-01-04,24.609107971191406
2018-01-05,24.678604125976562
2018-01-08,24.64385223388672
2018-01-09,24.8349552154541
2018-01-10,25.04343605041504
2018-01-11,25.165050506591797
2018-01-12,25.390897750854492
2018-01-16,25.321409225463867
2018-01-17,25.512510299682617
2018-01-18,25.477767944335938
2018-01-19,25.660186767578125
2018-01-22,25.86866569519043
2018-01-23,25.894716262817383
2018-01-24,26.068456649780273
2018-01-25,26.016334533691406
2018-01-26,26.20743751525879
2018-01-29,26.10319709777832
2018-01-30,25.76442527770996
2018-01-31,25.833919525146484
2018-02-01,26.077138900756836
2018-02-02,25.503826141357422
2018-02-05,24.218210220336914
2018-02-06,24.661224365234375
2018-02-07,24.678604125976562
2018-02-08,23.592775344848633
2018-02-09,24.044475555419922
2018-02-12,24.38325309753418
2018-02-13,24.48749542236328
2018-02-14,25.069499969482422
2018-02-15,25.208478927612305
2018-02-16,25.17373275756836
2018-02-20,25.095558166503906
2018-02-21,25.130308151245117
2018-02-22,24.92182731628418
2018-02-23,25.295352935791016
2018-02-26,25.67755889892578
2018-02-27,25.43433380126953
2018-02-28,25.07818031311035
2018-03-01,24.64385223388672
2018-03-02,24.704660415649414
2018-03-05,25.052122116088867
2018-03-06,25.15636444091797
2018-03-07,25.11292839050293
2018-03-08,25.19110679626465
2018-03-09,25.799175262451172
2018-03-12,25.712305068969727
2018-03-13,25.425649642944336
2018-03-14,25.13899040222168
2018-03-15,25.147674560546875
2018-03-16,25.169469833374023
2018-03-19,24.986385345458984
2018-03-20,25.047414779663086
2018-03-21,25.038698196411133
2018-03-22,24.114566802978516
2018-03-23,23.38223648071289
2018-03-26,24.140718460083008
2018-03-27,23.669939041137695
2018-03-28,23.71353530883789
2018-03-29,24.036104202270508
2018-04-02,23.504289627075195
2018-04-03,23.82686424255371
2018-04-04,24.07969093322754
2018-04-05,24.27149772644043
2018-04-06,23.687376022338867
2018-04-09,23.818145751953125
2018-04-10,24.175596237182617
2018-04-11,23.887893676757812
2018-04-12,24.306367874145508
2018-04-13,23.940200805664062
2018-04-16,24.044816970825195
2018-04-17,24.044816970825195
2018-04-18,23.931486129760742
2018-04-19,24.297653198242188
2018-04-20,24.306367874145508
2018-04-23,24.28021240234375
2018-04-24,24.1232852935791
2018-04-25,24.10584831237793
2018-04-26,24.114566802978516
2018-04-27,24.14944076538086
2018-04-30,23.931486129760742
2018-05-01,23.940200805664062
2018-05-02,23.669939041137695
2018-05-03,23.469419479370117
2018-05-04,23.77455711364746
2018-05-07,23.931486129760742
2018-05-08,24.097129821777344
2018-05-09,24.454574584960938
2018-05-10,24.65509796142578
2018-05-11,24.637664794921875
2018-05-14,24.620227813720703
2018-05-15,24.576631546020508
2018-05-16,24.620227813720703
2018-05-17,24.567913055419922
2018-05-18,24.36739158630371
2018-05-21,24.54176139831543
2018-05-22,24.707412719726562
2018-05-23,24.550477981567383
2018-05-24,24.358675003051758
2018-05-25,24.28021240234375
2018-05-29,23.469419479370117
2018-05-30,23.8966121673584
2018-05-31,23.696096420288086
2018-06-01,23.9576416015625
2018-06-04,24.036104202270508
2018-06-05,23.931486129760742
2018-06-06,24.36739158630371
2018-06-07,24.445858001708984
2018-06-08,24.480735778808594
2018-06-11,24.428421020507812
2018-06-12,24.36739158630371
2018-06-13,24.28021240234375
2018-06-14,24.053543090820312
2018-06-15,24.05265998840332
2018-06-18,24.008886337280273
2018-06-19,23.94759178161621
2018-06-20,23.886302947998047
2018-06-21,23.816259384155273
2018-06-22,23.702423095703125
2018-06-25,23.448505401611328
2018-06-26,23.36969757080078
2018-06-27,23.080747604370117
2018-06-28,23.28213882446289
2018-06-29,23.28213882446289
2018-07-02,23.395965576171875
2018-07-03,23.18581771850586
2018-07-05,23.23835563659668
2018-07-06,23.35218620300293
2018-07-09,23.886302947998047
2018-07-10,23.798744201660156
2018-07-11,23.68490982055664
2018-07-12,23.728696823120117
2018-07-13,23.623620986938477
2018-07-16,24.04390525817871
2018-07-17,24.07017707824707
2018-07-18,24.4554443359375
2018-07-19,24.087688446044922
2018-07-20,24.131467819213867
2018-07-23,24.464195251464844
2018-07-24,24.534242630004883
2018-07-25,24.586782455444336
2018-07-26,24.578018188476562
2018-07-27,24.63055992126465
2018-07-30,24.648073196411133
2018-07-31,24.472949981689453
2018-08-01,24.472949981689453
2018-08-02,24.48171043395996
2018-08-03,24.62179946899414
2018-08-06,24.75314712524414
2018-08-07,24.866968154907227
2018-08-08,24.92826271057129
2018-08-09,24.779409408569336
2018-08-10,24.490467071533203
2018-08-13,24.25405502319336
2018-08-14,24.48171043395996
2018-08-15,24.28907585144043
2018-08-16,24.613048553466797
2018-08-17,24.665586471557617
2018-08-20,24.744388580322266
2018-08-21,24.84070587158203
2018-08-22,24.75314712524414
2018-08-23,24.639312744140625
2018-08-24,24.726877212524414
2018-08-27,25.059606552124023
2018-08-28,25.033329010009766
2018-08-29,25.02458381652832
2018-08-30,24.83194923400879
2018-08-31,24.80567741394043
2018-09-04,24.92826271057129
2018-09-05,24.94577407836914
2018-09-06,24.83194923400879
2018-09-07,24.80567741394043
2018-09-10,24.779409408569336
2018-09-11,24.80567741394043
2018-09-12,24.578018188476562
2018-09-13,24.543001174926758
2018-09-14,24.71811866760254
2018-09-17,24.613048553466797
2018-09-18,24.735631942749023
2018-09-19,25.15591812133789
2018-09-20,25.374813079833984
2018-09-21,25.276309967041016
2018-09-24,24.99488067626953
2018-09-25,24.89813995361328
2018-09-26,24.5991153717041
2018-09-27,24.511167526245117
2018-09-28,24.25611686706543
2018-10-01,24.352859497070312
2018-10-02,24.352859497070312
2018-10-03,24.581523895263672
2018-10-04,24.748624801635742
2018-10-05,24.625497817993164
2018-10-08,24.792598724365234
2018-10-09,24.695859909057617
2018-10-10,23.93070411682129
2018-10-11,23.21833038330078
2018-10-12,23.24471092224121
2018-10-15,23.139171600341797
2018-10-16,23.526142120361328
2018-10-17,23.76361083984375
2018-10-18,23.367839813232422
2018-10-19,23.45578384399414
2018-10-22,22.95448112487793
2018-10-23,22.769792556762695
2018-10-24,22.19812774658203
2018-10-25,22.54112434387207
2018-10-26,22.215717315673828
2018-10-29,22.409202575683594
2018-10-30,22.796173095703125
2018-10-31,23.112791061401367
2018-11-01,23.21833038330078
2018-11-02,23.200742721557617
2018-11-05,23.570117950439453
2018-11-06,23.693248748779297
2018-11-07,24.00106430053711
2018-11-08,24.071430206298828
2018-11-09,23.8515567779541
2018-11-12,23.376632690429688
2018-11-13,23.50855255126953
2018-11-14,23.19194221496582
2018-11-15,23.534936904907227
2018-11-16,23.56132698059082
2018-11-19,23.552528381347656
2018-11-20,23.033634185791016
2018-11-21,23.051227569580078
2018-11-23,22.86653709411621
2018-11-26,23.332656860351562
2018-11-27,23.35024642944336
2018-11-28,23.79878807067871
2018-11-29,23.59650230407715
2018-11-30,23.719627380371094
2018-12-03,23.869144439697266
2018-12-04,22.83135414123535
2018-12-06,22.514741897583008
2018-12-07,22.08379364013672
2018-12-10,21.775976181030273
2018-12-11,21.564903259277344
2018-12-12,21.688026428222656
2018-12-13,21.529722213745117
2018-12-14,21.31864356994629
2018-12-17,21.10757064819336
2018-12-18,21.028423309326172
2018-12-19,20.764572143554688
2018-12-20,20.579879760742188
2018-12-21,20.168371200561523
2018-12-24,19.743587493896484
2018-12-26,20.637401580810547
2018-12-27,20.885196685791016
2018-12-28,20.876340866088867
2018-12-31,21.079885482788086
2019-01-02,21.256879806518555
2019-01-03,20.778995513916016
2019-01-04,21.46927261352539
2019-01-07,21.495820999145508
2019-01-08,21.513517379760742
2019-01-09,21.619712829589844
2019-01-10,21.62856674194336
2019-01-11,21.68166160583496
2019-01-14,21.832101821899414
2019-01-15,22.02679443359375
2019-01-16,22.495832443237305
2019-01-17,22.619726181030273
2019-01-18,23.009113311767578
2019-01-22,22.743616104125977
2019-01-23,22.770174026489258
2019-01-24,22.823272705078125
2019-01-25,23.009113311767578
2019-01-28,22.938312530517578
2019-01-29,22.85866928100586
2019-01-30,22.991413116455078
2019-01-31,22.956016540527344
2019-02-01,23.053356170654297
2019-02-04,23.150705337524414
2019-02-05,23.088756561279297
2019-02-06,23.062210083007812
2019-02-07,22.83211898803711
2019-02-08,22.71706771850586
2019-02-11,22.787866592407227
2019-02-12,23.124160766601562
2019-02-13,23.186107635498047
2019-02-14,22.902917861938477
2019-02-15,23.389646530151367
2019-02-19,23.425045013427734
2019-02-20,23.575490951538086
2019-02-21,23.451595306396484
2019-02-22,23.416194915771484
2019-02-25,23.5135440826416
2019-02-26,23.4427433013916
2019-02-27,23.53124237060547
2019-02-28,23.469295501708984
2019-03-01,23.61973762512207
2019-03-04,23.469295501708984
2019-03-05,23.38079833984375
2019-03-06,23.2303524017334
2019-03-07,22.991413116455078
2019-03-08,22.982561111450195
2019-03-11,23.221500396728516
2019-03-12,23.274599075317383
2019-03-13,23.433895111083984
2019-03-14,23.52239227294922
2019-03-15,23.686948776245117
2019-03-18,23.927104949951172
2019-03-19,23.740318298339844
2019-03-20,23.2510986328125
2019-03-21,23.179941177368164
2019-03-22,22.53951644897461
2019-03-25,22.441673278808594
2019-03-26,22.708520889282227
2019-03-27,22.610671997070312
2019-03-28,22.806354522705078
2019-03-29,22.868619918823242
2019-04-01,23.42899513244629
2019-04-02,23.411211013793945
2019-04-03,23.48236656188965
2019-04-04,23.624677658081055
2019-04-05,23.660263061523438
2019-04-08,23.686948776245117
2019-04-09,23.49125862121582
2019-04-10,23.562416076660156
2019-04-11,23.704734802246094
2019-04-12,24.14058494567871
2019-04-15,23.98937225341797
2019-04-16,24.327375411987305
2019-04-17,24.389638900756836
2019-04-18,24.318477630615234
2019-04-22,24.2473201751709
2019-04-23,24.398534774780273
2019-04-24,24.371850967407227
2019-04-25,24.416324615478516
2019-04-26,24.638690948486328
2019-04-29,24.88775062561035
2019-04-30,24.923330307006836
2019-05-01,24.718746185302734
2019-05-02,24.74543571472168
2019-05-03,24.967803955078125
2019-05-06,24.79880142211914
2019-05-07,24.389638900756836
2019-05-08,24.33626937866211
2019-05-09,24.28289794921875
2019-05-10,24.44300651550293
2019-05-13,23.73142433166504
2019-05-14,23.918210983276367
2019-05-15,23.829267501831055
2019-05-16,24.069425582885742
2019-05-17,23.909320831298828
2019-05-20,23.936002731323242
2019-05-21,24.185056686401367
2019-05-22,24.042743682861328
2019-05-23,23.704734802246094
2019-05-24,23.891525268554688
2019-05-28,23.61578369140625
2019-05-29,23.571311950683594
2019-05-30,23.49125862121582
2019-05-31,23.135465621948242
2019-06-03,23.286680221557617
2019-06-04,23.918210983276367
2019-06-05,24.069425582885742
2019-06-06,24.15837287902832
2019-06-07,24.12279510498047
2019-06-10,24.327375411987305
2019-06-11,24.33626937866211
2019-06-12,24.096113204956055
2019-06-13,24.17616844177246
2019-06-14,24.229534149169922
2019-06-17,24.007156372070312
2019-06-18,24.327375411987305
2019-06-19,24.28289794921875
2019-06-20,24.389638900756836
2019-06-21,24.33510398864746
2019-06-24,24.23676300048828
2019-06-25,24.15630340576172
2019-06-26,24.111600875854492
2019-06-27,24.3261661529541
2019-06-28,24.674833297729492
2019-07-01,24.96986198425293
2019-07-02,24.907270431518555
2019-07-03,25.103961944580078
2019-07-05,25.175472259521484
2019-07-08,25.050315856933594
2019-07-09,25.09501838684082
2019-07-10,25.005615234375
2019-07-11,25.148658752441406
2019-07-12,25.318525314331055
2019-07-15,25.175472259521484
2019-07-16,25.112895965576172
2019-07-17,24.898338317871094
2019-07-18,25.086076736450195
2019-07-19,24.97879409790039
2019-07-22,25.03243637084961
2019-07-23,25.291704177856445
2019-07-24,25.550966262817383
2019-07-25,25.372159957885742
2019-07-26,25.649307250976562
2019-07-29,25.452625274658203
2019-07-30,25.381103515625
2019-07-31,25.255937576293945
2019-08-01,24.683773040771484
2019-08-02,24.674833297729492
2019-08-05,23.852336883544922
2019-08-06,24.23676300048828
2019-08-07,23.9149112701416
2019-08-08,24.370866775512695
2019-08-09,24.290403366088867
2019-08-12,23.82551383972168
2019-08-13,24.12054443359375
2019-08-14,23.226526260375977
2019-08-15,23.342744827270508
2019-08-16,23.753995895385742
2019-08-19,23.995376586914062
2019-08-20,23.673534393310547
2019-08-21,23.780813217163086
2019-08-22,23.941740036010742
2019-08-23,23.333805084228516
2019-08-26,23.557310104370117
2019-08-27,23.414268493652344
2019-08-28,23.62883186340332
2019-08-29,23.98643684387207
2019-08-30,24.06690216064453
2019-09-03,23.81657600402832
2019-09-04,24.04901695251465
2019-09-05,24.54073143005371
2019-09-06,24.531787872314453
2019-09-09,24.907270431518555
2019-09-10,24.996673583984375
2019-09-11,25.139719009399414
2019-09-12,25.27382469177246
2019-09-13,25.470502853393555
2019-09-16,25.381103515625
2019-09-17,25.407922744750977
2019-09-18,25.49732208251953
2019-09-19,25.381103515625
2019-09-20,25.231943130493164
2019-09-23,25.27686309814453
2019-09-24,25.034255981445312
2019-09-25,25.240924835205078
2019-09-26,25.124113082885742
2019-09-27,25.22295379638672
2019-09-30,25.16005516052246
2019-10-01,24.629898071289062
2019-10-02,24.126699447631836
2019-10-03,24.225540161132812
2019-10-04,24.674829483032227
2019-10-07,24.54902458190918
2019-10-08,24.06379508972168
2019-10-09,24.28843879699707
2019-10-10,24.5400390625
2019-10-11,24.845552444458008
2019-10-14,24.88149642944336
2019-10-15,25.240924835205078
2019-10-16,25.17802619934082
2019-10-17,25.19599723815918
2019-10-18,25.258899688720703
2019-10-21,25.609338760375977
2019-10-22,25.537456512451172
2019-10-23,25.64528465270996
2019-10-24,25.609338760375977
2019-10-25,25.735139846801758
2019-10-28,25.86992645263672
2019-10-29,25.932823181152344
2019-10-30,25.91485595703125
2019-10-31,25.78905487060547
2019-11-01,26.166458129882812
2019-11-04,26.391101837158203
2019-11-05,26.48994255065918
2019-11-06,26.62472915649414
2019-11-07,26.822412490844727
2019-11-08,26.813430786132812
2019-11-11,26.741539001464844
2019-11-12,26.777484893798828
2019-11-13,26.60675621032715
2019-11-14,26.66067123413086
2019-11-15,26.732559204101562
2019-11-18,26.78647232055664
2019-11-19,26.840389251708984
2019-11-20,26.71458625793457
2019-11-21,26.687631607055664
2019-11-22,26.885313034057617
2019-11-25,27.05604362487793
2019-11-26,27.029083251953125
2019-11-27,27.136917114257812
2019-11-29,27.09198760986328
2019-12-02,26.92125701904297
2019-12-03,26.54385757446289
2019-12-04,26.795454025268555
2019-12-05,26.92125701904297
2019-12-06,27.280691146850586
2019-12-09,27.217788696289062
2019-12-10,27.226770401000977
2019-12-11,27.163875579833984
2019-12-12,27.694028854370117
2019-12-13,27.595190048217773
2019-12-16,27.694028854370117
2019-12-17,27.801860809326172
2019-12-18,27.685043334960938
2019-12-19,27.67605972290039
2019-12-20,27.708574295043945
2019-12-23,27.645353317260742
2019-12-24,27.708574295043945
2019-12-26,27.86210823059082
2019-12-27,27.78985595703125
2019-12-30,27.708574295043945
2019-12-31,27.798891067504883
2020-01-02,28.069835662841797
2020-01-03,27.771791458129883
2020-01-06,27.75373077392578
2020-01-07,27.573104858398438
2020-01-08,27.75373077392578
2020-01-09,27.925331115722656
2020-01-10,27.717607498168945
2020-01-13,27.907262802124023
2020-01-14,27.85308074951172
2020-01-15,27.699541091918945
2020-01-16,27.943391799926758
2020-01-17,28.024677276611328
2020-01-21,27.78985595703125
2020-01-22,27.871145248413086
2020-01-23,27.798891067504883
2020-01-24,27.4466609954834
2020-01-27,27.022184371948242
2020-01-28,27.33828353881836
2020-01-29,27.29312515258789
2020-01-30,27.636320114135742
2020-01-31,27.058305740356445
2020-02-03,27.247966766357422
2020-02-04,27.50988006591797
2020-02-05,28.060800552368164
2020-02-06,28.024677276611328
2020-02-07,27.925331115722656
2020-02-10,28.006610870361328
2020-02-11,28.1059627532959
2020-02-12,28.124019622802734
2020-02-13,28.114994049072266
2020-02-14,28.1511173248291
2020-02-18,27.907262802124023
2020-02-19,28.114994049072266
2020-02-20,28.060800552368164
2020-02-21,27.78985595703125
2020-02-24,26.88671112060547
2020-02-25,25.974529266357422
2020-02-26,25.784868240356445
2020-02-27,24.683027267456055
2020-02-28,24.014698028564453
2020-03-02,25.242982864379883
2020-03-03,24.294679641723633
2020-03-04,25.098480224609375
2020-03-05,23.888259887695312
2020-03-06,23.075422286987305
2020-03-09,20.60080337524414
2020-03-10,21.811017990112305
2020-03-11,20.62789535522461
2020-03-12,18.39712142944336
2020-03-13,20.817554473876953
2020-03-16,17.96360969543457
2020-03-17,18.939010620117188
2020-03-18,17.33140754699707
2020-03-19,17.71072769165039
2020-03-20,17.078523635864258
2020-03-23,16.084835052490234
2020-03-24,18.07950210571289
2020-03-25,18.571332931518555
2020-03-26,19.73716926574707
2020-03-27,19.13603973388672
2020-03-30,19.500362396240234
2020-03-31,18.962982177734375
2020-04-01,17.806259155273438
2020-04-02,18.252553939819336
2020-04-03,17.888229370117188
2020-04-06,19.17246437072754
2020-04-07,19.363740921020508
2020-04-08,20.210784912109375
2020-04-09,21.29464340209961
2020-04-13,20.520462036132812
2020-04-14,20.611543655395508
2020-04-15,19.718950271606445
2020-04-16,19.372848510742188
2020-04-17,20.392948150634766
2020-04-20,20.03773307800293
2020-04-21,19.391061782836914
2020-04-22,19.600553512573242
2020-04-23,19.518573760986328
2020-04-24,19.800926208496094
2020-04-27,20.47492027282715
2020-04-28,20.693511962890625
2020-04-29,21.29464340209961
2020-04-30,20.757272720336914
2020-05-01,20.09238052368164
2020-05-04,19.910221099853516
2020-05-05,19.846467971801758
2020-05-06,19.418380737304688
2020-05-07,19.873783111572266
2020-05-08,20.301868438720703
2020-05-11,19.910221099853516
2020-05-12,19.391061782836914
2020-05-13,18.817251205444336
2020-05-14,19.299978256225586
2020-05-15,19.17246437072754
2020-05-18,20.156137466430664
2020-05-19,19.6643009185791
2020-05-20,20.10148811340332
2020-05-21,20.03773307800293
2020-05-22,19.964868545532227
2020-05-26,21.003190994262695
2020-05-27,21.91399383544922
2020-05-28,21.567888259887695
2020-05-29,21.321969985961914
2020-06-01,21.567888259887695
2020-06-02,21.740943908691406
2020-06-03,22.551557540893555
2020-06-04,23.04339599609375
2020-06-05,23.899547576904297
2020-06-08,24.354955673217773
2020-06-09,23.835796356201172
2020-06-10,22.943204879760742
2020-06-11,21.066940307617188
2020-06-12,21.70450782775879
2020-06-15,22.005075454711914
2020-06-16,22.35117530822754
2020-06-17,22.014177322387695
2020-06-18,21.986858367919922
2020-06-19,21.841129302978516
2020-06-22,21.732967376708984
2020-06-23,21.833797454833984
2020-06-24,21.0638370513916
2020-06-25,21.622974395751953
2020-06-26,20.697189331054688
2020-06-29,20.926345825195312
2020-06-30,21.210498809814453
2020-07-01,21.02717399597168
2020-07-02,21.05467414855957
2020-07-06,21.457984924316406
2020-07-07,21.018007278442383
2020-07-08,21.237991333007812
2020-07-09,20.788854598999023
2020-07-10,21.503808975219727
2020-07-13,21.595476150512695
2020-07-14,21.705469131469727
2020-07-15,22.13628387451172
2020-07-16,22.13628387451172
2020-07-17,21.952960968017578
2020-07-20,21.852130889892578
2020-07-21,22.282934188842773
2020-07-22,22.282934188842773
2020-07-23,22.30126953125
2020-07-24,22.246273040771484
2020-07-27,22.06294822692871
2020-07-28,22.00795555114746
2020-07-29,22.420427322387695
2020-07-30,22.017120361328125
2020-07-31,22.026283264160156
2020-08-03,22.090450286865234
2020-08-04,21.9987850189209
2020-08-05,22.30126953125
2020-08-06,22.292102813720703
2020-08-07,22.76874542236328
2020-08-10,22.93373680114746
2020-08-11,23.199554443359375
2020-08-12,23.135387420654297
2020-08-13,22.988731384277344
2020-08-14,23.08039665222168
2020-08-17,22.69541358947754
2020-08-18,22.54875373840332
2020-08-19,22.53959083557129
2020-08-20,22.328773498535156
2020-08-21,22.282934188842773
2020-08-24,22.814577102661133
2020-08-25,22.878742218017578
2020-08-26,22.76874542236328
2020-08-27,23.153722763061523
2020-08-28,23.245384216308594
2020-08-31,22.970399856567383
2020-09-01,23.03455924987793
2020-09-02,23.364543914794922
2020-09-03,23.00706672668457
2020-09-04,23.181222915649414
2020-09-08,22.585420608520508
2020-09-09,22.814577102661133
2020-09-10,22.49376106262207
2020-09-11,22.649580001831055
2020-09-14,22.961233139038086
2020-09-15,22.649580001831055
2020-09-16,22.906234741210938
2020-09-17,22.66791343688965
2020-09-18,22.622087478637695
2020-09-21,22.055265426635742
2020-09-22,21.87093734741211
2020-09-23,21.382455825805664
2020-09-24,21.428539276123047
2020-09-25,21.649738311767578
2020-09-28,22.165863037109375
2020-09-29,21.88936996459961
2020-09-30,22.184303283691406
2020-10-01,22.221168518066406
2020-10-02,22.396282196044922
2020-10-05,22.764942169189453
2020-10-06,22.534528732299805
2020-10-07,22.91240882873535
2020-10-08,23.225772857666016
2020-10-09,23.253416061401367
2020-10-12,23.511484146118164
2020-10-13,23.05987548828125
2020-10-14,22.83867835998535
2020-10-15,23.0137882232666
2020-10-16,23.032222747802734
2020-10-19,22.68199920654297
2020-10-20,22.8663272857666
2020-10-21,22.74651527404785
2020-10-22,23.198123931884766
2020-10-23,23.2718563079834
2020-10-26,22.74651527404785
2020-10-27,22.331762313842773
2020-10-28,21.760337829589844
2020-10-29,21.926239013671875
2020-10-30,21.990755081176758
2020-11-02,22.405492782592773
2020-11-03,22.903194427490234
2020-11-04,22.63591194152832
2020-11-05,23.188907623291016
2020-11-06,23.004575729370117
2020-11-09,24.89397430419922
2020-11-10,25.02300262451172
2020-11-11,24.921621322631836
2020-11-12,24.506874084472656
2020-11-13,24.912410736083984
2020-11-16,25.465396881103516
2020-11-17,25.42853546142578
2020-11-18,25.188901901245117
2020-11-19,25.2718505859375
2020-11-20,25.05065155029297
2020-11-23,25.520700454711914
2020-11-24,26.414705276489258
2020-11-25,26.322538375854492
2020-11-27,26.239593505859375
2020-11-30,25.695810317993164
2020-12-01,26.092124938964844
2020-12-02,26.377836227416992
2020-12-03,26.38705825805664
2020-12-04,26.709636688232422
2020-12-07,26.52530860900879
2020-12-08,26.516088485717773
2020-12-09,26.451574325561523
2020-12-10,26.497657775878906
2020-12-11,26.23037338256836
2020-12-14,25.926227569580078
2020-12-15,26.368621826171875
2020-12-16,26.414705276489258
2020-12-17,26.488441467285156
2020-12-18,26.25802993774414
2020-12-21,26.611984252929688
2020-12-22,26.3525390625
2020-12-23,26.788043975830078
2020-12-24,26.825109481811523
2020-12-28,26.954830169677734
2020-12-29,26.862171173095703
2020-12-30,26.98262596130371
2020-12-31,27.31620216369629
2021-01-04,26.9455623626709
2021-01-05,27.06601905822754
2021-01-06,28.261341094970703
2021-01-07,28.669042587280273
2021-01-08,28.650508880615234
2021-01-11,28.74317169189453
2021-01-12,29.039682388305664
2021-01-13,29.021148681640625
2021-01-14,29.150875091552734
2021-01-15,28.669042587280273
2021-01-19,28.74317169189453
2021-01-20,28.622709274291992
2021-01-21,28.31693458557129
2021-01-22,28.113082885742188
2021-01-25,27.909229278564453
2021-01-26,27.68684196472168
2021-01-27,26.87143325805664
2021-01-28,27.371801376342773
2021-01-29,26.825109481811523
2021-02-01,27.177213668823242
2021-02-02,27.835105895996094
2021-02-03,27.99262046813965
2021-02-04,28.613445281982422
2021-02-05,28.622709274291992
2021-02-08,28.99335479736328
2021-02-09,29.00261878967285
2021-02-10,29.00261878967285
2021-02-11,28.90995979309082
2021-02-12,29.20646858215332
2021-02-16,29.70683479309082
2021-02-17,29.855091094970703
2021-02-18,29.679035186767578
2021-02-19,30.031143188476562
2021-02-22,30.30912208557129
2021-02-23,30.49444007873535
2021-02-24,31.08747100830078
2021-02-25,30.522245407104492
2021-02-26,29.938491821289062
2021-03-01,30.874351501464844
2021-03-02,30.763164520263672
2021-03-03,31.00408363342285
2021-03-04,30.65196990966797
2021-03-05,31.235727310180664
2021-03-08,31.634159088134766
2021-03-09,31.346925735473633
2021-03-10,31.986278533935547
2021-03-11,31.893613815307617
2021-03-12,32.21792984008789
2021-03-15,32.03260803222656
2021-03-16,31.699024200439453
2021-03-17,31.91214370727539
2021-03-18,32.07892990112305
2021-03-19,31.708301544189453
2021-03-22,31.299715042114258
2021-03-23,30.862276077270508
2021-03-24,30.97396469116211
2021-03-25,31.495155334472656
2021-03-26,31.988441467285156
2021-03-29,31.709230422973633
2021-03-30,31.932598114013672
2021-03-31,31.690610885620117
2021-04-01,32.081512451171875
2021-04-05,32.332801818847656
2021-04-06,32.26764678955078
2021-04-07,32.42586898803711
2021-04-08,32.435176849365234
2021-04-09,32.71438980102539
2021-04-12,32.8539924621582
2021-04-13,32.5468635559082
2021-04-14,32.742313385009766
2021-04-15,32.71438980102539
2021-04-16,32.94707489013672
2021-04-19,32.8539924621582
2021-04-20,32.23973083496094
2021-04-21,32.686466217041016
2021-04-22,32.32349395751953
2021-04-23,32.92845153808594
2021-04-26,33.05874252319336
2021-04-27,33.31935501098633
2021-04-28,33.449642181396484
2021-04-29,34.0452995300293
2021-04-30,33.747474670410156
2021-05-03,33.915008544921875
2021-05-04,34.18490982055664
2021-05-05,34.46411895751953
2021-05-06,34.976016998291016
2021-05-07,35.16215515136719
2021-05-10,35.13423156738281
2021-05-11,34.51065444946289
2021-05-12,34.15699005126953
2021-05-13,34.70610046386719
2021-05-14,35.25523376464844
2021-05-17,35.320377349853516
2021-05-18,34.82709884643555
2021-05-19,34.613033294677734
2021-05-20,34.63164520263672
2021-05-21,34.976016998291016
2021-05-24,35.143531799316406
2021-05-25,34.78987121582031
2021-05-26,34.892250061035156
2021-05-27,35.29245376586914
2021-05-28,35.357601165771484
2021-06-01,35.5716667175293
2021-06-02,35.62751007080078
2021-06-03,35.71126937866211
2021-06-04,35.80434799194336
2021-06-07,35.5716667175293
2021-06-08,35.47859573364258
2021-06-09,35.143531799316406
2021-06-10,34.73402786254883
2021-06-11,34.9573974609375
2021-06-14,34.59441375732422
2021-06-15,34.659576416015625
2021-06-16,34.622352600097656
2021-06-17,33.59856033325195
2021-06-18,32.78884506225586
2021-06-21,33.55411911010742
2021-06-22,33.61018753051758
2021-06-23,33.67558670043945
2021-06-24,34.09606170654297
2021-06-25,34.5072021484375
2021-06-28,34.25491714477539
2021-06-29,34.13343811035156
2021-06-30,34.2829475402832
2021-07-01,34.553916931152344
2021-07-02,34.516544342041016
2021-07-06,33.9745979309082
2021-07-07,34.02131271362305
2021-07-08,33.339210510253906
2021-07-09,34.3016242980957
2021-07-12,34.63801193237305
2021-07-13,34.264251708984375
2021-07-14,34.10541534423828
2021-07-15,34.217533111572266
2021-07-16,33.75033950805664
2021-07-19,32.806602478027344
2021-07-20,33.619529724121094
2021-07-21,34.198848724365234
2021-07-22,33.825096130371094
2021-07-23,33.88115310668945
2021-07-26,34.0773811340332
2021-07-27,34.06803894042969
2021-07-28,34.02131271362305
2021-07-29,34.39506912231445
2021-07-30,34.12409210205078
2021-08-02,34.13343811035156
2021-08-03,34.516544342041016
2021-08-04,34.22687911987305
2021-08-05,34.675392150878906
2021-08-06,35.37618637084961
2021-08-09,35.46962356567383
2021-08-10,35.843387603759766
2021-08-11,36.254512786865234
2021-08-12,36.319923400878906
2021-08-13,36.0489501953125
2021-08-16,35.955509185791016
2021-08-17,35.70322799682617
2021-08-18,35.264060974121094
2021-08-19,35.0024299621582
2021-08-20,35.21733856201172
2021-08-23,35.50699996948242
2021-08-24,35.72190856933594
2021-08-25,36.14239501953125
2021-08-26,35.9648551940918
2021-08-27,36.4413948059082
2021-08-30,35.92748260498047
2021-08-31,35.880760192871094
2021-09-01,35.67518997192383
2021-09-02,35.79666519165039
2021-09-03,35.57241439819336
2021-09-07,35.35749435424805
2021-09-08,35.273406982421875
2021-09-09,35.37618637084961
2021-09-10,35.114559173583984
2021-09-13,35.5163459777832
2021-09-14,35.03980255126953
2021-09-15,35.37618637084961
2021-09-16,35.273406982421875
2021-09-17,35.114559173583984
2021-09-20,34.299991607666016
2021-09-21,34.25307846069336
2021-09-22,34.82551574707031
2021-09-23,35.67949295043945
2021-09-24,35.8671875
2021-09-27,36.35517501831055
2021-09-28,35.754573822021484
2021-09-29,35.7827262878418
2021-09-30,35.219661712646484
2021-10-01,35.80149459838867
2021-10-04,35.49180603027344
2021-10-05,36.186256408691406
2021-10-06,36.22378921508789
2021-10-07,36.43963623046875
2021-10-08,36.61793899536133
2021-10-11,36.25194549560547
2021-10-12,36.13933181762695
2021-10-13,35.93288040161133
2021-10-14,36.533485412597656
2021-10-15,37.0777702331543
2021-10-18,37.087158203125
2021-10-19,37.453147888183594
2021-10-20,37.75345230102539
2021-10-21,37.59392166137695
2021-10-22,38.11943054199219
2021-10-25,38.07252502441406
2021-10-26,38.10067367553711
2021-10-27,37.471920013427734
2021-10-28,37.9317512512207
2021-10-29,37.78160095214844
2021-11-01,37.80037307739258
2021-11-02,37.89421463012695
2021-11-03,38.03498458862305
2021-11-04,37.5376091003418
2021-11-05,37.556373596191406
2021-11-08,37.762840270996094
2021-11-09,37.556373596191406
2021-11-10,37.49068832397461
2021-11-11,37.59392166137695
2021-11-12,37.678382873535156
2021-11-15,37.678382873535156
2021-11-16,37.64084243774414
2021-11-17,37.209163665771484
2021-11-18,37.0214729309082
2021-11-19,36.61793899536133
2021-11-22,37.13407897949219
2021-11-23,37.715904235839844
2021-11-24,37.631446838378906
2021-11-26,36.383323669433594
2021-11-29,36.495941162109375
2021-11-30,35.62318801879883
2021-12-01,35.22905349731445
2021-12-02,36.28009033203125
2021-12-03,35.688880920410156
2021-12-06,36.23318099975586
2021-12-07,36.88070297241211
2021-12-08,36.68362808227539
2021-12-09,36.608551025390625
2021-12-10,36.64609146118164
2021-12-13,36.25194549560547
2021-12-14,36.46778869628906
2021-12-15,36.57101821899414
2021-12-16,37.03084945678711
2021-12-17,36.21440505981445
2021-12-20,35.510982513427734
2021-12-21,36.2464714050293
2021-12-22,36.41619110107422
2021-12-23,36.604774475097656
2021-12-27,36.98196029663086
2021-12-28,37.00082015991211
2021-12-29,36.953670501708984
2021-12-30,36.88766860961914
2021-12-31,36.8216552734375
2022-01-03,37.274269104003906
2022-01-04,38.25492477416992
2022-01-05,37.81174087524414
2022-01-06,38.36806869506836
2022-01-07,38.8206787109375
2022-01-10,38.68867492675781
2022-01-11,39.02812957763672
2022-01-12,39.05641555786133
2022-01-13,38.905548095703125
2022-01-14,38.500083923339844
2022-01-18,37.64200973510742
2022-01-19,37.010250091552734
2022-01-20,36.77450942993164
2022-01-21,36.02016067504883
2022-01-24,36.12388229370117
2022-01-25,36.274757385253906
2022-01-26,36.369056701660156
2022-01-27,36.039024353027344
2022-01-28,36.51049041748047
2022-01-31,36.83108901977539
2022-02-01,37.340274810791016
2022-02-02,37.59486770629883
2022-02-03,37.17997741699219
2022-02-04,37.81174087524414
2022-02-07,37.924896240234375
2022-02-08,38.45293426513672
2022-02-09,38.69810104370117
2022-02-10,38.358646392822266
2022-02-11,37.821170806884766
2022-02-14,37.396854400634766
2022-02-15,37.906036376953125
2022-02-16,37.934326171875
2022-02-17,36.99138259887695
2022-02-18,36.98196029663086
2022-02-22,36.79336929321289
2022-02-23,36.15216827392578
2022-02-24,35.71842575073242
2022-02-25,36.868804931640625
2022-02-28,36.3218994140625
2022-03-01,34.982933044433594
2022-03-02,35.888160705566406
2022-03-03,35.77499771118164
2022-03-04,35.10551834106445
2022-03-07,33.8231201171875
2022-03-08,33.62510681152344
2022-03-09,34.860355377197266
2022-03-10,34.56804656982422
2022-03-11,34.322879791259766
2022-03-14,34.756629943847656
2022-03-15,35.2469596862793
2022-03-16,36.23703384399414
2022-03-17,36.68964385986328
2022-03-18,36.77450942993164
2022-03-21,36.73854446411133
2022-03-22,37.33491134643555
2022-03-23,36.64387130737305
2022-03-24,36.93732833862305
2022-03-25,37.410648345947266
2022-03-28,37.30651092529297
2022-03-29,37.39170837402344
2022-03-30,37.12665939331055
2022-03-31,36.27469253540039
2022-04-01,36.18003463745117
2022-04-04,36.01910400390625
2022-04-05,35.79191207885742
2022-04-06,35.5457878112793
2022-04-07,35.50792694091797
2022-04-08,35.86764907836914
2022-04-11,35.706722259521484
2022-04-12,35.318603515625
2022-04-13,35.318603515625
2022-04-14,34.921016693115234
2022-04-18,35.129268646240234
2022-04-19,35.612056732177734
2022-04-20,35.85818099975586
2022-04-21,35.29020690917969
2022-04-22,34.23944854736328
2022-04-25,34.296241760253906
2022-04-26,33.434818267822266
2022-04-27,33.40642547607422
2022-04-28,33.8323974609375
2022-04-29,32.66804504394531
2022-05-02,32.67751693725586
2022-05-03,33.10350036621094
2022-05-04,34.11639404296875
2022-05-05,33.122432708740234
2022-05-06,32.885772705078125
2022-05-09,32.10008239746094
2022-05-10,31.816085815429688
2022-05-11,31.52263069152832
2022-05-12,31.285978317260742
2022-05-13,31.740354537963867
2022-05-16,31.47530746459961
2022-05-17,32.31779861450195
2022-05-18,31.427967071533203
2022-05-19,31.219709396362305
2022-05-20,31.162912368774414
2022-05-23,32.17580032348633
2022-05-24,32.10953903198242
2022-05-25,32.36511993408203
2022-05-26,33.11296081542969
2022-05-27,33.67147445678711
2022-05-31,33.57681655883789
2022-06-01,33.0372314453125
2022-06-02,33.491615295410156
2022-06-03,33.00883102416992
2022-06-06,33.10350036621094
2022-06-07,33.35908889770508
2022-06-08,32.772178649902344
2022-06-09,31.948623657226562
2022-06-10,30.793725967407227
2022-06-13,29.87550163269043
2022-06-14,29.61992073059082
2022-06-15,29.951234817504883
2022-06-16,29.19393539428711
2022-06-17,29.279129028320312
2022-06-21,29.86345863342285
2022-06-22,29.796844482421875
2022-06-23,29.68263816833496
2022-06-24,30.777063369750977
2022-06-27,30.67237663269043
2022-06-28,30.367841720581055
2022-06-29,30.196542739868164
2022-06-30,29.930078506469727
2022-07-01,30.339290618896484
2022-07-05,30.234609603881836
2022-07-06,30.158479690551758
2022-07-07,30.59624481201172
2022-07-08,30.52962875366211
2022-07-11,30.282196044921875
2022-07-12,30.091859817504883
2022-07-13,29.82539176940918
2022-07-14,29.254384994506836
2022-07-15,30.24412727355957
2022-07-18,30.129926681518555
2022-07-19,31.034013748168945
2022-07-20,31.148208618164062
2022-07-21,31.348064422607422
2022-07-22,31.167247772216797
2022-07-25,31.367095947265625
2022-07-26,30.92932891845703
2022-07-27,31.405166625976562
2022-07-28,31.633567810058594
2022-07-29,32.08085250854492
2022-08-01,31.814382553100586
2022-08-02,31.462268829345703
2022-08-03,31.93810272216797
2022-08-04,31.833417892456055
2022-08-05,32.06181335449219
2022-08-08,32.04277801513672
2022-08-09,32.20457077026367
2022-08-10,32.92782974243164
2022-08-11,33.318023681640625
2022-08-12,33.84144592285156
2022-08-15,33.831932067871094
2022-08-16,34.07936477661133
2022-08-17,33.90806579589844
2022-08-18,33.946128845214844
2022-08-19,33.27043533325195
2022-08-22,32.53765106201172
2022-08-23,32.404422760009766
2022-08-24,32.57571792602539
2022-08-25,33.08009719848633
2022-08-26,32.09037399291992
2022-08-29,31.861967086791992
2022-08-30,31.690662384033203
2022-08-31,31.45275115966797
2022-09-01,31.547916412353516
2022-09-02,31.30048179626465
2022-09-06,31.22435188293457
2022-09-07,31.84293556213379
2022-09-08,32.404422760009766
2022-09-09,32.69944381713867
2022-09-12,32.96590805053711
2022-09-13,31.73824691772461
2022-09-14,31.643089294433594
2022-09-15,31.747774124145508
2022-09-16,31.462268829345703
2022-09-19,31.819103240966797
2022-09-20,31.350337982177734
2022-09-21,30.69979476928711
2022-09-22,30.18318748474121
2022-09-23,29.70484733581543
2022-09-26,29.23607635498047
2022-09-27,29.111711502075195
2022-09-28,29.685714721679688
2022-09-29,29.312612533569336
2022-09-30,29.044742584228516
2022-10-03,29.8292179107666
2022-10-04,30.93896484375
2022-10-05,30.69979476928711
2022-10-06,30.269289016723633
2022-10-07,29.551780700683594
2022-10-10,29.417842864990234
2022-10-11,29.044742584228516
2022-10-12,28.9777774810791
2022-10-13,30.17362403869629
2022-10-14,29.666582107543945
2022-10-17,30.41279411315918
2022-10-18,30.900693893432617
2022-10-19,30.393657684326172
2022-10-20,29.905752182006836
2022-10-21,30.795459747314453
2022-10-24,31.206830978393555
2022-10-25,31.579938888549805
2022-10-26,31.65647315979004
2022-10-27,31.914779663085938
2022-10-28,32.70881652832031
2022-10-31,32.50791549682617
2022-11-01,32.59402084350586
2022-11-02,32.18263626098633
2022-11-03,31.857376098632812
2022-11-04,32.44095230102539
2022-11-07,32.76621627807617
2022-11-08,32.957557678222656
2022-11-09,32.40267562866211
2022-11-10,34.038604736328125
2022-11-11,34.3160400390625
2022-11-14,33.82813262939453
2022-11-15,33.90467071533203
2022-11-16,33.742027282714844
2022-11-17,33.56026077270508
2022-11-18,33.83769226074219
2022-11-21,33.94293212890625
2022-11-22,34.28733444213867
2022-11-23,34.43083190917969
2022-11-25,34.54563903808594
2022-11-28,33.9525032043457
2022-11-29,34.15340042114258
2022-11-30,34.73698043823242
2022-12-01,34.536075592041016
2022-12-02,34.373435974121094
2022-12-05,33.521995544433594
2022-12-06,33.225433349609375
2022-12-07,33.091495513916016
2022-12-08,33.12019348144531
2022-12-09,33.03408432006836
2022-12-12,33.474159240722656
2022-12-13,33.56026077270508
2022-12-14,33.13932800292969
2022-12-15,32.4887809753418
2022-12-16,32.24005126953125
2022-12-19,32.15340042114258
2022-12-20,32.28817367553711
2022-12-21,32.78877258300781
2022-12-22,32.49996566772461
2022-12-23,32.68287658691406
2022-12-27,32.67324447631836
2022-12-28,32.55773162841797
2022-12-29,33.01018524169922
2022-12-30,32.92354202270508
2023-01-03,33.039066314697266
2023-01-04,33.56853485107422
2023-01-05,33.318241119384766
2023-01-06,34.05950164794922
2023-01-09,33.934356689453125
2023-01-10,34.126895904541016
2023-01-11,34.44457244873047
2023-01-12,34.511959075927734
2023-01-13,34.77188491821289
2023-01-17,34.54084014892578
2023-01-18,33.895851135253906
2023-01-19,33.50115203857422
2023-01-20,34.0306282043457
2023-01-23,34.42531967163086
2023-01-24,34.44457244873047
2023-01-25,34.71412658691406
2023-01-26,34.897029876708984
2023-01-27,34.897029876708984
2023-01-30,34.723751068115234
2023-01-31,35.195465087890625
2023-02-01,35.195465087890625
2023-02-02,35.29172134399414
2023-02-03,35.224342346191406
2023-02-06,35.2147216796875
2023-02-07,35.619041442871094
2023-02-08,35.407249450683594
2023-02-09,35.012550354003906
2023-02-10,35.128074645996094
2023-02-13,35.53239440917969
2023-02-14,35.33986282348633
2023-02-15,35.37836456298828
2023-02-16,35.02218246459961
2023-02-17,35.03180694580078
2023-02-21,34.30979919433594
2023-02-22,34.27129364013672
2023-02-23,34.300174713134766
2023-02-24,34.32904815673828
2023-02-27,34.319427490234375
2023-02-28,34.386817932128906
2023-03-01,34.27129364013672
2023-03-02,34.10763168334961
2023-03-03,34.646732330322266
2023-03-06,34.67561340332031
2023-03-07,33.780330657958984
2023-03-08,33.65517807006836
2023-03-09,32.28817367553711
2023-03-10,31.70094871520996
2023-03-13,30.449464797973633
2023-03-14,31.065580368041992
2023-03-15,30.237674713134766
2023-03-16,30.81528091430664
2023-03-17,29.823726654052734
2023-03-20,30.155563354492188
2023-03-21,30.919851303100586
2023-03-22,30.203933715820312
2023-03-23,30.000770568847656
2023-03-24,29.98141860961914
2023-03-27,30.39742660522461
2023-03-28,30.38775062561035
2023-03-29,30.832782745361328
2023-03-30,30.765056610107422
2023-03-31,31.103670120239258
2023-04-03,31.161718368530273
2023-04-04,30.871479034423828
2023-04-05,30.832782745361328
2023-04-06,30.94887351989746
2023-04-10,31.016597747802734
2023-04-11,31.28748321533203
2023-04-12,31.219762802124023
2023-04-13,31.50032615661621
2023-04-14,31.80991554260254
2023-04-17,32.17754364013672
2023-04-18,32.2742919921875
2023-04-19,32.35167694091797
2023-04-20,32.254940032958984
2023-04-21,32.13884353637695
2023-04-24,32.06144714355469
2023-04-25,31.510000228881836
2023-04-26,31.210086822509766
2023-04-27,31.713163375854492
2023-04-28,32.09046936035156
2023-05-01,32.00340270996094
2023-05-02,31.277812957763672
2023-05-03,30.919851303100586
2023-05-04,30.523195266723633
2023-05-05,31.277812957763672
2023-05-08,31.326183319091797
2023-05-09,31.210086822509766
2023-05-10,31.035945892333984
2023-05-11,30.98757553100586
2023-05-12,30.861804962158203
2023-05-15,31.113340377807617
2023-05-16,30.823108673095703
2023-05-17,31.44227409362793
2023-05-18,31.674468994140625
2023-05-19,31.539020538330078
2023-05-22,31.59706687927246
2023-05-23,31.22943878173828
2023-05-24,30.823108673095703
2023-05-25,30.813430786132812
2023-05-26,31.064971923828125
2023-05-30,31.055294036865234
2023-05-31,30.726360321044922
2023-06-01,31.055294036865234
2023-06-02,31.732511520385742
2023-06-05,31.568050384521484
2023-06-06,31.964702606201172
2023-06-07,32.09046936035156
2023-06-08,32.06144714355469
2023-06-09,32.07112503051758
2023-06-12,32.06144714355469
2023-06-13,32.254940032958984
2023-06-14,32.12916564941406
2023-06-15,32.55485153198242
2023-06-16,32.487125396728516
2023-06-20,32.24418640136719
2023-06-21,32.20530700683594
2023-06-22,31.9526424407959
2023-06-23,31.816593170166016
2023-06-26,31.748559951782227
2023-06-27,32.00123596191406
2023-06-28,31.92348861694336
2023-06-29,32.47740936279297
2023-06-30,32.75922775268555
2023-07-03,32.943878173828125
2023-07-05,32.87584686279297
2023-07-06,32.594024658203125
2023-07-07,32.64262008666992
2023-07-10,32.788387298583984
2023-07-11,33.17710494995117
2023-07-12,33.390899658203125
2023-07-13,33.50751495361328
2023-07-14,33.28400421142578
2023-07-17,33.60469436645508
2023-07-18,33.98369216918945
2023-07-19,34.12946319580078
2023-07-20,34.38212966918945
2023-07-21,34.2655143737793
2023-07-24,34.59592056274414
2023-07-25,34.37240982055664
2023-07-26,34.57649230957031
2023-07-27,34.13917922973633
2023-07-28,34.20720672607422
2023-07-31,34.33354187011719
2023-08-01,34.33354187011719
2023-08-02,34.0420036315918
2023-08-03,34.06143569946289
2023-08-04,33.92538833618164
2023-08-07,34.40156555175781
2023-08-08,34.09059143066406
2023-08-09,33.83792495727539
2023-08-10,33.86708068847656
2023-08-11,33.93510055541992
2023-08-14,33.86708068847656
2023-08-15,33.2451286315918
2023-08-16,33.196537017822266
2023-08-17,33.031333923339844
2023-08-18,33.02161407470703
2023-08-21,32.98273849487305
2023-08-22,32.67176818847656
2023-08-23,32.99246597290039
2023-08-24,32.87584686279297
2023-08-25,33.031333923339844
2023-08-28,33.215972900390625
2023-08-29,33.517234802246094
2023-08-30,33.53666687011719
2023-08-31,33.410335540771484
2023-09-01,33.71159362792969
2023-09-05,33.37146759033203
2023-09-06,33.352027893066406
2023-09-07,33.26456832885742
2023-09-08,33.33258819580078
2023-09-11,33.48807907104492
2023-09-12,33.71159362792969
2023-09-13,33.71159362792969
2023-09-14,34.02256774902344
2023-09-15,33.84764099121094
2023-09-18,33.940372467041016
2023-09-19,33.90133285522461
2023-09-20,33.667057037353516
2023-09-21,33.110652923583984
2023-09-22,32.85686111450195
2023-09-25,32.93495559692383
2023-09-26,32.495697021484375
2023-09-27,32.4468879699707
2023-09-28,32.681156158447266
2023-09-29,32.3785514831543
2023-10-02,32.10523223876953
2023-10-03,31.597639083862305
2023-10-04,31.8319149017334
2023-10-05,31.97833251953125
2023-10-06,32.251651763916016
2023-10-09,32.27117919921875
2023-10-10,32.50545120239258
2023-10-11,32.55426025390625
2023-10-12,32.349266052246094
2023-10-13,32.41759490966797
2023-10-16,32.759246826171875
2023-10-17,32.915428161621094
2023-10-18,32.349266052246094
2023-10-19,31.91977310180664
2023-10-20,31.431697845458984
2023-10-23,31.236469268798828
2023-10-24,31.451223373413086
2023-10-25,31.334081649780273
2023-10-26,31.2657527923584
2023-10-27,30.699596405029297
2023-10-30,31.246231079101562
2023-10-31,31.587881088256836
2023-11-01,31.792869567871094
2023-11-02,32.54449462890625
2023-11-03,32.9739990234375
2023-11-06,32.87638473510742
2023-11-07,32.827579498291016
2023-11-08,32.86661911010742
2023-11-09,32.72996520996094
2023-11-10,33.10089874267578
2023-11-13,33.05208969116211
2023-11-14,33.67681884765625
2023-11-15,33.86228942871094
2023-11-16,33.99894332885742
2023-11-17,34.17464828491211
2023-11-20,34.311309814453125
2023-11-21,34.291786193847656
2023-11-22,34.428443908691406
2023-11-24,34.53582000732422
2023-11-27,34.41868591308594
2023-11-28,34.40892028808594
2023-11-29,34.65296173095703
2023-11-30,35.043418884277344
2023-12-01,35.30697250366211
2023-12-04,35.26792907714844
2023-12-05,35.092220306396484
2023-12-06,34.9165153503418
2023-12-07,35.082454681396484
2023-12-08,35.26792907714844
2023-12-11,35.4826774597168
2023-12-12,35.73647689819336
2023-12-13,36.31239700317383
2023-12-14,36.67356872558594
2023-12-15,36.45880889892578
2023-12-18,36.5804557800293
2023-12-19,36.855133056640625
2023-12-20,36.197879791259766
2023-12-21,36.551029205322266
2023-12-22,36.6295051574707
2023-12-26,36.77665710449219
2023-12-27,36.894371032714844
2023-12-28,37.00227355957031
2023-12-29,36.884559631347656
2024-01-02,37.04151153564453
2024-01-03,36.72760009765625
2024-01-04,36.874752044677734
2024-01-05,37.03170394897461
2024-01-08,37.26713562011719
2024-01-09,37.03170394897461
2024-01-10,37.0905647277832
2024-01-11,36.953224182128906
2024-01-12,36.884559631347656
2024-01-16,36.6295051574707
2024-01-17,36.56084060668945
2024-01-18,36.61969757080078
2024-01-19,37.208282470703125
2024-01-22,37.38485336303711
2024-01-23,37.44371032714844
2024-01-24,37.590858459472656
2024-01-25,37.77724075317383
2024-01-26,37.914581298828125
2024-01-29,38.01267623901367
2024-01-30,38.49335479736328
2024-01-31,38.02248001098633
2024-02-01,38.08134078979492
2024-02-02,38.23830032348633
2024-02-05,38.01267623901367
2024-02-06,38.09115219116211
2024-02-07,38.37563705444336
2024-02-08,38.228492736816406
2024-02-09,38.33639907836914
2024-02-12,38.512969970703125
2024-02-13,37.99305725097656
2024-02-14,38.35601806640625
2024-02-15,39.013267517089844
2024-02-16,38.875938415527344
2024-02-20,38.768028259277344
2024-02-21,38.8857421875
2024-02-22,39.33698654174805
2024-02-23,39.53318405151367
2024-02-26,39.33698654174805
2024-02-27,39.44489288330078
2024-02-28,39.592044830322266
2024-02-29,39.57242202758789
2024-03-01,39.523380279541016
2024-03-04,39.6214714050293
2024-03-05,39.63128662109375
2024-03-06,39.8372917175293
2024-03-07,39.77842712402344
2024-03-08,39.84709548950195
2024-03-11,39.91575622558594
2024-03-12,40.08252716064453
2024-03-13,40.37682342529297
2024-03-14,40.053104400634766
2024-03-15,40.013858795166016
2024-03-18,40.2432861328125
2024-03-19,40.440223693847656
2024-03-20,40.922706604003906
2024-03-21,41.25749588012695
2024-03-22,40.78485107421875
2024-03-25,40.6273078918457
2024-03-26,40.76516342163086
2024-03-27,41.247650146484375
2024-03-28,41.474117279052734
2024-04-01,41.247650146484375
2024-04-02,41.03102111816406
2024-04-03,41.011329650878906
2024-04-04,40.54853439331055
2024-04-05,40.932552337646484
2024-04-08,41.10979080200195
2024-04-09,40.87347412109375
2024-04-10,40.26298141479492
2024-04-11,39.97742462158203
2024-04-12,39.445709228515625
2024-04-15,39.248779296875
2024-04-16,38.98291778564453
2024-04-17,39.08137893676758
2024-04-18,39.219234466552734
2024-04-19,39.760799407958984
2024-04-22,40.2432861328125
2024-04-23,40.499305725097656
2024-04-24,40.48945617675781
2024-04-25,40.25313949584961
2024-04-26,40.19404983520508
2024-04-29,40.134971618652344
2024-04-30,39.74110794067383
2024-05-01,39.74110794067383
2024-05-02,39.83957290649414
2024-05-03,39.928192138671875
2024-05-06,40.440223693847656
2024-05-07,40.57807540893555
2024-05-08,40.72577667236328
2024-05-09,41.03102111816406
2024-05-10,41.188568115234375
2024-05-13,41.021175384521484
2024-05-14,41.22795486450195
2024-05-15,41.533199310302734
2024-05-16,41.533199310302734
2024-05-17,41.83844757080078
2024-05-20,41.267337799072266
2024-05-21,41.533199310302734
2024-05-22,41.296878814697266
2024-05-23,40.72577667236328
2024-05-24,40.97193908691406
2024-05-28,40.51899337768555
2024-05-29,40.19404983520508
2024-05-30,40.410682678222656
2024-05-31,41.00148010253906
2024-06-03,40.74546813964844
2024-06-04,40.55837631225586
2024-06-05,40.676544189453125
2024-06-06,40.6568489074707
2024-06-07,40.84393310546875
2024-06-10,40.6863899230957
2024-06-11,40.223594665527344
2024-06-12,40.18421173095703
2024-06-13,40.1546630859375
2024-06-14,40.02666091918945
2024-06-17,40.38113784790039
2024-06-18,40.63715744018555
2024-06-20,40.85378646850586
2024-06-21,40.696231842041016
2024-06-24,41.11439514160156
2024-06-25,40.80794143676758
2024-06-26,40.5509147644043
2024-06-27,40.50148391723633
2024-06-28,40.639888763427734
2024-07-01,40.72885513305664
2024-07-02,41.203369140625
2024-07-03,41.074851989746094
2024-07-05,41.06496810913086
2024-07-08,40.95622634887695
2024-07-09,41.27256393432617
2024-07-10,41.43073654174805
2024-07-11,41.75696563720703
2024-07-12,41.89536666870117
2024-07-15,42.50827407836914
2024-07-16,42.99266815185547
2024-07-17,43.31889343261719
2024-07-18,42.79495620727539
2024-07-19,42.3599853515625
2024-07-22,42.59724044799805
2024-07-23,42.676326751708984
2024-07-24,42.09307861328125
2024-07-25,42.25124740600586
2024-07-26,42.9135856628418
2024-07-29,42.854270935058594
2024-07-30,43.348548889160156
2024-07-31,43.239810943603516
2024-08-01,42.62689971923828
2024-08-02,41.57902526855469
2024-08-05,40.37297058105469
2024-08-06,41.02542495727539
2024-08-07,41.074851989746094
2024-08-08,41.7371940612793
2024-08-09,41.915138244628906
2024-08-12,41.69765090942383
2024-08-13,42.043643951416016
2024-08-14,42.557701110839844
2024-08-15,42.953128814697266
2024-08-16,43.26947021484375
2024-08-19,43.50672149658203
2024-08-20,43.36832046508789
2024-08-21,43.29912185668945
2024-08-22,43.5462646484375
2024-08-23,43.92192077636719
2024-08-26,44.06031799316406
2024-08-27,44.287689208984375
2024-08-28,44.39643096923828
2024-08-29,44.7918586730957
2024-08-30,45.216941833496094
2024-09-03,44.880828857421875
2024-09-04,44.93025588989258
2024-09-05,44.43597412109375
2024-09-06,43.78351974487305
2024-09-09,44.43597412109375
2024-09-10,43.98123550415039
2024-09-11,43.77363586425781
2024-09-12,43.872493743896484
2024-09-13,44.00100326538086
2024-09-16,44.574371337890625
2024-09-17,44.81163024902344
2024-09-18,44.6732292175293
2024-09-19,45.167510986328125
2024-09-20,45.13785171508789
2024-09-23,45.083282470703125
2024-09-24,44.70627212524414
2024-09-25,44.43838882446289
2024-09-26,44.66658401489258
2024-09-27,44.795562744140625
2024-09-30,44.96422576904297
2024-10-01,44.726112365722656
2024-10-02,44.775718688964844
2024-10-03,44.537601470947266
2024-10-04,45.2916374206543
2024-10-07,44.73603057861328
2024-10-08,44.99399185180664
2024-10-09,45.41069412231445
2024-10-10,45.271793365478516
2024-10-11,46.14488220214844
2024-10-14,46.43260955810547
2024-10-15,46.53182601928711
2024-10-16,47.107269287109375
2024-10-17,47.23624801635742
2024-10-18,47.24617004394531
2024-10-21,46.86915969848633
2024-10-22,46.77986145019531
2024-10-23,46.740177154541016
2024-10-24,46.77986145019531
2024-10-25,46.26394271850586
2024-10-28,46.83938980102539
2024-10-29,46.551666259765625
2024-10-30,46.7600212097168
2024-10-31,46.1151237487793
2024-11-01,46.27386474609375
2024-11-04,45.91668701171875
2024-11-05,46.34331130981445
2024-11-06,49.16101837158203
2024-11-07,48.36730194091797
2024-11-08,48.80384826660156
2024-11-11,49.498348236083984
2024-11-12,49.34953308105469
2024-11-13,49.37929153442383
2024-11-14,49.25031661987305
2024-11-15,49.4785041809082
2024-11-18,49.6273307800293
2024-11-19,49.29991912841797
2024-11-20,49.151100158691406
2024-11-21,49.776153564453125
2024-11-22,50.331756591796875
2024-11-25,50.6591682434082
2024-11-26,50.758384704589844
2024-11-27,50.85759735107422
2024-11-29,50.93696975708008
2024-12-02,50.43097686767578
2024-12-03,50.053955078125
2024-12-04,49.86544418334961
2024-12-05,50.0142707824707
2024-12-06,50.00435256958008
2024-12-09,49.31976318359375
2024-12-10,49.309844970703125
2024-12-11,49.4090576171875
2024-12-12,49.19078826904297
2024-12-13,49.151100158691406
2024-12-16,49.061805725097656
2024-12-17,48.71455383300781
2024-12-18,47.25609588623047
2024-12-19,47.42475509643555
2024-12-20,48.12918472290039
2024-12-23,48.2447624206543
2024-12-24,48.81270217895508
2024-12-26,48.93226623535156
2024-12-27,48.573570251464844
2024-12-30,48.10527038574219
