Date,XLI
,XLI
2017-01-03,54.160484313964844
2017-01-04,54.480648040771484
2017-01-05,54.32489013671875
2017-01-06,54.63640213012695
2017-01-09,54.2124137878418
2017-01-10,54.43738555908203
2017-01-11,54.72294616699219
2017-01-12,54.49796676635742
2017-01-13,54.70563507080078
2017-01-17,54.28163146972656
2017-01-18,54.48931121826172
2017-01-19,54.887367248535156
2017-01-20,54.89601135253906
2017-01-23,54.59314727783203
2017-01-24,55.1383056640625
2017-01-25,55.71805953979492
2017-01-26,55.84787368774414
2017-01-27,55.804603576660156
2017-01-30,55.328678131103516
2017-01-31,54.844093322753906
2017-02-01,54.74889373779297
2017-02-02,54.645076751708984
2017-02-03,55.05176544189453
2017-02-06,55.12964630126953
2017-02-07,55.224830627441406
2017-02-08,55.1469612121582
2017-02-09,55.57096481323242
2017-02-10,56.01227951049805
2017-02-13,56.5747184753418
2017-02-14,56.60069274902344
2017-02-15,56.903560638427734
2017-02-16,56.920867919921875
2017-02-17,57.016048431396484
2017-02-21,57.301597595214844
2017-02-22,57.145851135253906
2017-02-23,56.77375030517578
2017-02-24,57.016048431396484
2017-02-27,57.22372055053711
2017-02-28,56.990081787109375
2017-03-01,57.950592041015625
2017-03-02,57.32756805419922
2017-03-03,57.388126373291016
2017-03-06,57.249691009521484
2017-03-07,57.08527374267578
2017-03-08,56.886253356933594
2017-03-09,56.62663650512695
2017-03-10,56.972774505615234
2017-03-13,56.938175201416016
2017-03-14,56.40167999267578
2017-03-15,57.04201126098633
2017-03-16,56.782413482666016
2017-03-17,57.09273910522461
2017-03-20,56.98841857910156
2017-03-21,56.11915969848633
2017-03-22,56.31910705566406
2017-03-23,56.24086380004883
2017-03-24,56.09309768676758
2017-03-27,55.893165588378906
2017-03-28,56.48426818847656
2017-03-29,56.47557067871094
2017-03-30,56.78849792480469
2017-03-31,56.553794860839844
2017-04-03,56.43209457397461
2017-04-04,56.57987594604492
2017-04-05,56.3973274230957
2017-04-06,56.553794860839844
2017-04-07,56.61464309692383
2017-04-10,56.75373077392578
2017-04-11,56.83195877075195
2017-04-12,56.049625396728516
2017-04-13,55.6497688293457
2017-04-17,56.25825500488281
2017-04-18,56.07571029663086
2017-04-19,56.12785720825195
2017-04-20,56.8058967590332
2017-04-21,56.85803985595703
2017-04-24,57.66644287109375
2017-04-25,57.94460678100586
2017-04-26,57.95328903198242
2017-04-27,57.9359130859375
2017-04-28,57.66644287109375
2017-05-01,57.49260711669922
2017-05-02,57.770751953125
2017-05-03,57.814231872558594
2017-05-04,57.87508010864258
2017-05-05,58.17060852050781
2017-05-08,58.01416015625
2017-05-09,58.092384338378906
2017-05-10,57.97069549560547
2017-05-11,57.95328903198242
2017-05-12,57.63168716430664
2017-05-15,57.901153564453125
2017-05-16,57.840309143066406
2017-05-17,56.684173583984375
2017-05-18,56.76241683959961
2017-05-19,57.509971618652344
2017-05-22,57.95328903198242
2017-05-23,58.074989318847656
2017-05-24,58.144535064697266
2017-05-25,58.52701950073242
2017-05-26,58.59654998779297
2017-05-30,58.57917022705078
2017-05-31,58.69219207763672
2017-06-01,59.0572509765625
2017-06-02,59.291961669921875
2017-06-05,59.083351135253906
2017-06-06,58.68348693847656
2017-06-07,58.61394500732422
2017-06-08,58.80517578125
2017-06-09,59.031185150146484
2017-06-12,59.24849319458008
2017-06-13,59.491878509521484
2017-06-14,59.43104553222656
2017-06-15,59.78742980957031
2017-06-16,59.98307418823242
2017-06-19,60.349884033203125
2017-06-20,59.703582763671875
2017-06-21,59.30183029174805
2017-06-22,59.1795768737793
2017-06-23,59.39790725708008
2017-06-26,59.41537094116211
2017-06-27,58.96997833251953
2017-06-28,59.50272750854492
2017-06-29,58.99616622924805
2017-06-30,59.485233306884766
2017-07-03,59.85207748413086
2017-07-05,60.0267333984375
2017-07-06,59.50272750854492
2017-07-07,59.965606689453125
2017-07-10,60.14027404785156
2017-07-11,60.087867736816406
2017-07-12,60.41975784301758
2017-07-13,60.37607192993164
2017-07-14,60.63810348510742
2017-07-17,60.6031608581543
2017-07-18,60.46341323852539
2017-07-19,60.52457046508789
2017-07-20,60.18395233154297
2017-07-21,60.07040023803711
2017-07-24,59.93939208984375
2017-07-25,59.860801696777344
2017-07-26,59.93939208984375
2017-07-27,59.59878158569336
2017-07-28,59.738521575927734
2017-07-31,59.659912109375
2017-08-01,59.485233306884766
2017-08-02,59.74726104736328
2017-08-03,60.0442008972168
2017-08-04,60.15773010253906
2017-08-07,60.15773010253906
2017-08-08,59.974327087402344
2017-08-09,59.99180603027344
2017-08-10,59.23197555541992
2017-08-11,59.26689910888672
2017-08-14,59.88700866699219
2017-08-15,59.75598907470703
2017-08-16,59.92193603515625
2017-08-17,58.88261032104492
2017-08-18,58.646820068359375
2017-08-21,58.742889404296875
2017-08-22,59.41537094116211
2017-08-23,58.856422424316406
2017-08-24,58.673011779785156
2017-08-25,58.952491760253906
2017-08-28,58.91755676269531
2017-08-29,59.34549331665039
2017-08-30,59.59005355834961
2017-08-31,59.790931701660156
2017-09-01,59.84332275390625
2017-09-05,59.24070358276367
2017-09-06,59.30183029174805
2017-09-07,59.42410659790039
2017-09-08,59.624977111816406
2017-09-11,60.14027404785156
2017-09-12,60.42850112915039
2017-09-13,60.34114456176758
2017-09-14,60.62936019897461
2017-09-15,60.88029861450195
2017-09-18,61.22245788574219
2017-09-19,61.283870697021484
2017-09-20,61.731319427490234
2017-09-21,61.91556930541992
2017-09-22,62.07352828979492
2017-09-25,62.07352828979492
2017-09-26,62.07352828979492
2017-09-27,62.14370346069336
2017-09-28,62.10860061645508
2017-09-29,62.29283142089844
2017-10-02,62.722740173339844
2017-10-03,62.99473571777344
2017-10-04,62.9771728515625
2017-10-05,63.1263542175293
2017-10-06,63.117576599121094
2017-10-09,62.94207000732422
2017-10-10,63.03860092163086
2017-10-11,63.00350570678711
2017-10-12,63.33689498901367
2017-10-13,63.222869873046875
2017-10-16,63.29303741455078
2017-10-17,63.1263542175293
2017-10-18,63.152679443359375
2017-10-19,63.328155517578125
2017-10-20,64.0124740600586
2017-10-23,63.608882904052734
2017-10-24,63.96861267089844
2017-10-25,63.33689498901367
2017-10-26,63.42462921142578
2017-10-27,63.45095443725586
2017-10-30,63.01224899291992
2017-10-31,62.75784683227539
2017-11-01,62.722740173339844
2017-11-02,63.08247375488281
2017-11-03,63.02106475830078
2017-11-06,63.0561637878418
2017-11-07,63.152679443359375
2017-11-08,63.047393798828125
2017-11-09,62.25774383544922
2017-11-10,62.34546661376953
2017-11-13,62.134925842285156
2017-11-14,61.968231201171875
2017-11-15,61.61728286743164
2017-11-16,62.19635009765625
2017-11-17,61.854164123535156
2017-11-20,62.134925842285156
2017-11-21,62.58236312866211
2017-11-22,62.652549743652344
2017-11-24,62.652549743652344
2017-11-27,62.75784683227539
2017-11-28,63.71418762207031
2017-11-29,64.27567291259766
2017-11-30,65.37240600585938
2017-12-01,64.56522369384766
2017-12-04,65.10917663574219
2017-12-05,64.55644226074219
2017-12-06,64.65296173095703
2017-12-07,65.24956512451172
2017-12-08,65.53031158447266
2017-12-11,65.39872741699219
2017-12-12,65.4688949584961
2017-12-13,65.72335052490234
2017-12-14,65.27588653564453
2017-12-15,65.73633575439453
2017-12-18,66.2038803100586
2017-12-19,66.22151947021484
2017-12-20,66.44207000732422
2017-12-21,66.49497985839844
2017-12-22,66.51262664794922
2017-12-26,66.58319854736328
2017-12-27,66.74198913574219
2017-12-28,66.87432098388672
2017-12-29,66.75080108642578
2018-01-02,67.14775848388672
2018-01-03,67.50942993164062
2018-01-04,68.00343322753906
2018-01-05,68.47096252441406
2018-01-08,68.75325012207031
2018-01-09,69.19430541992188
2018-01-10,69.18547821044922
2018-01-11,70.0676040649414
2018-01-12,70.72039794921875
2018-01-16,70.08525085449219
2018-01-17,70.47338104248047
2018-01-18,70.09407043457031
2018-01-19,70.29696655273438
2018-01-22,70.29696655273438
2018-01-23,70.33224487304688
2018-01-24,70.27050018310547
2018-01-25,70.341064453125
2018-01-26,71.15264129638672
2018-01-29,70.67626953125
2018-01-30,70.12052917480469
2018-01-31,70.33224487304688
2018-02-01,70.208740234375
2018-02-02,68.79734802246094
2018-02-05,65.67460632324219
2018-02-06,66.87432098388672
2018-02-07,66.99781036376953
2018-02-08,64.41314697265625
2018-02-09,65.11005401611328
2018-02-12,66.15977478027344
2018-02-13,66.30973815917969
2018-02-14,67.14775848388672
2018-02-15,68.16221618652344
2018-02-16,68.17986297607422
2018-02-20,67.4917984008789
2018-02-21,67.50942993164062
2018-02-22,67.95932006835938
2018-02-23,68.52389526367188
2018-02-26,69.46775817871094
2018-02-27,68.59445190429688
2018-02-28,67.61528778076172
2018-03-01,66.29209899902344
2018-03-02,66.27446746826172
2018-03-05,67.0683822631836
2018-03-06,67.36830139160156
2018-03-07,67.35946655273438
2018-03-08,67.71231842041016
2018-03-09,69.20310974121094
2018-03-12,68.34745025634766
2018-03-13,68.01225280761719
2018-03-14,67.27125549316406
2018-03-15,67.46534729003906
2018-03-16,67.82579040527344
2018-03-19,67.3032455444336
2018-03-20,67.53353881835938
2018-03-21,67.61323547363281
2018-03-22,65.38129425048828
2018-03-23,64.42477416992188
2018-03-26,65.98355865478516
2018-03-27,65.07132720947266
2018-03-28,64.84989166259766
2018-03-29,65.79759216308594
2018-04-02,64.4424819946289
2018-04-03,65.33702850341797
2018-04-04,65.6204605102539
2018-04-05,66.28472137451172
2018-04-06,64.45133972167969
2018-04-09,64.25650024414062
2018-04-10,65.23960876464844
2018-04-11,64.76133728027344
2018-04-12,65.69129180908203
2018-04-13,65.53189086914062
2018-04-16,66.18728637695312
2018-04-17,66.74526977539062
2018-04-18,67.43611907958984
2018-04-19,67.25011444091797
2018-04-20,66.95782470703125
2018-04-23,66.87813568115234
2018-04-24,65.00932312011719
2018-04-25,65.19532012939453
2018-04-26,64.95616912841797
2018-04-27,64.8233413696289
2018-04-30,63.96419906616211
2018-05-01,63.67192077636719
2018-05-02,63.11397933959961
2018-05-03,63.2645378112793
2018-05-04,63.999656677246094
2018-05-07,64.42477416992188
2018-05-08,64.88532257080078
2018-05-09,65.58502197265625
2018-05-10,66.02784729003906
2018-05-11,66.1695785522461
2018-05-14,66.05443572998047
2018-05-15,65.83300018310547
2018-05-16,66.0721435546875
2018-05-17,66.32898712158203
2018-05-18,66.71868896484375
2018-05-21,67.72837829589844
2018-05-22,66.89585876464844
2018-05-23,66.83382415771484
2018-05-24,67.16154479980469
2018-05-25,67.03755187988281
2018-05-29,65.96585083007812
2018-05-30,66.89585876464844
2018-05-31,65.930419921875
2018-06-01,66.65668487548828
2018-06-04,66.55928039550781
2018-06-05,66.63897705078125
2018-06-06,67.19698333740234
2018-06-07,67.48037719726562
2018-06-08,67.7018051147461
2018-06-11,67.83466339111328
2018-06-12,67.76384735107422
2018-06-13,67.2235336303711
2018-06-14,66.96669006347656
2018-06-15,66.79950714111328
2018-06-18,66.52384185791016
2018-06-19,65.11885070800781
2018-06-20,65.1633071899414
2018-06-21,64.34521484375
2018-06-22,64.56751251220703
2018-06-25,63.74943542480469
2018-06-26,63.989505767822266
2018-06-27,63.4737548828125
2018-06-28,63.56268310546875
2018-06-29,63.69607925415039
2018-07-02,63.83835983276367
2018-07-03,63.63383102416992
2018-07-05,63.94505310058594
2018-07-06,64.16736602783203
2018-07-09,65.35894775390625
2018-07-10,65.5634765625
2018-07-11,64.48748016357422
2018-07-12,65.24335479736328
2018-07-13,65.58126831054688
2018-07-16,65.31446838378906
2018-07-17,65.57237243652344
2018-07-18,66.2926254272461
2018-07-19,66.26596069335938
2018-07-20,66.19482421875
2018-07-23,65.78578186035156
2018-07-24,66.06144714355469
2018-07-25,67.06627655029297
2018-07-26,67.5820541381836
2018-07-27,67.59093475341797
2018-07-30,66.92398834228516
2018-07-31,68.40011596679688
2018-08-01,67.47532653808594
2018-08-02,67.38642120361328
2018-08-03,67.44863891601562
2018-08-06,67.54647064208984
2018-08-07,68.02664184570312
2018-08-08,67.72431945800781
2018-08-09,67.35086059570312
2018-08-10,66.75504302978516
2018-08-13,66.43492889404297
2018-08-14,66.89732360839844
2018-08-15,66.57720947265625
2018-08-16,67.42198944091797
2018-08-17,67.8310546875
2018-08-20,68.2845458984375
2018-08-21,68.79141235351562
2018-08-22,68.12447357177734
2018-08-23,67.9288330078125
2018-08-24,68.22230529785156
2018-08-27,69.08484649658203
2018-08-28,68.94255828857422
2018-08-29,68.99591064453125
2018-08-30,68.5157241821289
2018-08-31,68.5601806640625
2018-09-04,68.50684356689453
2018-09-05,68.99591064453125
2018-09-06,69.20934295654297
2018-09-07,68.99591064453125
2018-09-10,69.35163116455078
2018-09-11,69.3338394165039
2018-09-12,69.5472640991211
2018-09-13,69.96519470214844
2018-09-14,70.3119888305664
2018-09-17,70.33866882324219
2018-09-18,70.97892761230469
2018-09-19,70.91667175292969
2018-09-20,71.02338409423828
2018-09-21,71.48268127441406
2018-09-24,70.25852966308594
2018-09-25,70.04408264160156
2018-09-26,69.9994125366211
2018-09-27,70.0976791381836
2018-09-28,70.05301666259766
2018-10-01,70.66954803466797
2018-10-02,70.83038330078125
2018-10-03,71.1252670288086
2018-10-04,70.89293670654297
2018-10-05,70.5265884399414
2018-10-08,70.70527648925781
2018-10-09,69.61518859863281
2018-10-10,67.37240600585938
2018-10-11,65.59429931640625
2018-10-12,66.0321044921875
2018-10-15,66.15721893310547
2018-10-16,67.27410888671875
2018-10-17,66.7826919555664
2018-10-18,65.63002014160156
2018-10-19,65.38876342773438
2018-10-22,65.1653823852539
2018-10-23,64.09317016601562
2018-10-24,61.9218635559082
2018-10-25,62.35969924926758
2018-10-26,61.74314498901367
2018-10-29,60.71558380126953
2018-10-30,61.96654510498047
2018-10-31,62.44009780883789
2018-11-01,63.53916931152344
2018-11-02,63.43191909790039
2018-11-05,63.762550354003906
2018-11-06,64.43267822265625
2018-11-07,65.47813415527344
2018-11-08,65.37090301513672
2018-11-09,64.70968627929688
2018-11-12,63.43191909790039
2018-11-13,63.717872619628906
2018-11-14,63.503421783447266
2018-11-15,64.34333801269531
2018-11-16,64.32544708251953
2018-11-19,63.306827545166016
2018-11-20,61.99333190917969
2018-11-21,62.431175231933594
2018-11-23,62.30609130859375
2018-11-26,62.76176452636719
2018-11-27,62.65457534790039
2018-11-28,64.15570068359375
2018-11-29,64.19145965576172
2018-11-30,64.81690216064453
2018-12-03,65.56747436523438
2018-12-04,62.7796516418457
2018-12-06,62.431175231933594
2018-12-07,60.78706359863281
2018-12-10,60.9389762878418
2018-12-11,60.58156204223633
2018-12-12,60.92109680175781
2018-12-13,60.751319885253906
2018-12-14,59.911407470703125
2018-12-17,58.92852020263672
2018-12-18,59.223388671875
2018-12-19,58.10647201538086
2018-12-20,57.04315948486328
2018-12-21,55.96609878540039
2018-12-24,54.24890899658203
2018-12-26,56.77524948120117
2018-12-27,57.485504150390625
2018-12-28,57.332664489746094
2018-12-31,57.908058166503906
2019-01-02,58.204742431640625
2019-01-03,56.4336051940918
2019-01-04,58.573360443115234
2019-01-07,59.04985046386719
2019-01-08,59.85900115966797
2019-01-09,60.263572692871094
2019-01-10,61.08171081542969
2019-01-11,61.01877975463867
2019-01-14,61.009796142578125
2019-01-15,60.82100296020508
2019-01-16,60.8839225769043
2019-01-17,61.92680740356445
2019-01-18,63.10459518432617
2019-01-22,61.800968170166016
2019-01-23,61.890846252441406
2019-01-24,62.205528259277344
2019-01-25,62.996700286865234
2019-01-28,62.394351959228516
2019-01-29,63.25741195678711
2019-01-30,64.24637603759766
2019-01-31,64.52508544921875
2019-02-01,64.62397766113281
2019-02-04,65.46009063720703
2019-02-05,66.0265121459961
2019-02-06,66.04448699951172
2019-02-07,65.5949478149414
2019-02-08,65.69385528564453
2019-02-11,66.04448699951172
2019-02-12,67.06941986083984
2019-02-13,67.46499633789062
2019-02-14,67.15032196044922
2019-02-15,68.04939270019531
2019-02-19,68.02242279052734
2019-02-20,68.3460693359375
2019-02-21,68.06736755371094
2019-02-22,68.51690673828125
2019-02-25,68.78662872314453
2019-02-26,68.59781646728516
2019-02-27,68.86752319335938
2019-02-28,68.63378143310547
2019-03-01,68.69672393798828
2019-03-04,68.39102935791016
2019-03-05,67.95049285888672
2019-03-06,67.3121566772461
2019-03-07,66.9075927734375
2019-03-08,66.7727279663086
2019-03-11,67.33912658691406
2019-03-12,66.7817153930664
2019-03-13,67.3661117553711
2019-03-14,67.14132690429688
2019-03-15,66.90442657470703
2019-03-18,67.55547332763672
2019-03-19,67.31132507324219
2019-03-20,66.85016632080078
2019-03-21,67.49217224121094
2019-03-22,65.9640121459961
2019-03-25,66.11773681640625
2019-03-26,66.56082153320312
2019-03-27,66.63316345214844
2019-03-28,67.12145233154297
2019-03-29,67.8448257446289
2019-04-01,69.24639892578125
2019-04-02,69.21927642822266
2019-04-03,69.01130676269531
2019-04-04,69.43629455566406
2019-04-05,69.6352310180664
2019-04-08,69.33683013916016
2019-04-09,68.39643859863281
2019-04-10,68.37834930419922
2019-04-11,68.96607971191406
2019-04-12,69.87936401367188
2019-04-15,69.49055480957031
2019-04-16,69.91553497314453
2019-04-17,70.00595092773438
2019-04-18,70.81072998046875
2019-04-22,70.59373474121094
2019-04-23,71.20858001708984
2019-04-24,71.00061798095703
2019-04-25,69.5719223022461
2019-04-26,70.09635925292969
2019-04-29,70.25912475585938
2019-04-30,70.53945922851562
2019-05-01,70.07830047607422
2019-05-02,70.04212951660156
2019-05-03,70.8921127319336
2019-05-06,70.21393585205078
2019-05-07,68.79427337646484
2019-05-08,68.79427337646484
2019-05-09,68.6948013305664
2019-05-10,68.96607971191406
2019-05-13,67.00389862060547
2019-05-14,67.70014953613281
2019-05-15,67.79056549072266
2019-05-16,68.41450500488281
2019-05-17,67.6549301147461
2019-05-20,67.48313903808594
2019-05-21,68.27887725830078
2019-05-22,67.71822357177734
2019-05-23,66.68741607666016
2019-05-24,66.71453857421875
2019-05-28,66.09966278076172
2019-05-29,65.80125427246094
2019-05-30,66.05445861816406
2019-05-31,65.15020751953125
2019-06-03,65.59327697753906
2019-06-04,67.1576156616211
2019-06-05,67.80867004394531
2019-06-06,67.92623138427734
2019-06-07,68.4687728881836
2019-06-10,68.55916595458984
2019-06-11,67.97142028808594
2019-06-12,68.11610412597656
2019-06-13,68.459716796875
2019-06-14,68.1884536743164
2019-06-17,67.9533462524414
2019-06-18,69.27352142333984
2019-06-19,69.21927642822266
2019-06-20,70.3766860961914
2019-06-21,70.00162506103516
2019-06-24,69.86541748046875
2019-06-25,69.33866882324219
2019-06-26,69.5112075805664
2019-06-27,69.57476806640625
2019-06-28,70.31039428710938
2019-07-01,70.37396240234375
2019-07-02,70.28313446044922
2019-07-03,70.67365264892578
2019-07-05,70.39213562011719
2019-07-08,69.81089782714844
2019-07-09,69.65653228759766
2019-07-10,69.4930648803711
2019-07-11,69.96529388427734
2019-07-12,71.19133758544922
2019-07-15,70.90071868896484
2019-07-16,71.35478210449219
2019-07-17,69.82907104492188
2019-07-18,69.9561996459961
2019-07-19,70.337646484375
2019-07-22,70.39213562011719
2019-07-23,71.28214263916016
2019-07-24,71.59091186523438
2019-07-25,71.44562530517578
2019-07-26,71.29122161865234
2019-07-29,71.16410827636719
2019-07-30,71.47284698486328
2019-07-31,70.67365264892578
2019-08-01,69.3023452758789
2019-08-02,68.85733032226562
2019-08-05,66.9501724243164
2019-08-06,67.958251953125
2019-08-07,67.92192077636719
2019-08-08,69.07530212402344
2019-08-09,68.49407958984375
2019-08-12,67.54955291748047
2019-08-13,68.35781860351562
2019-08-14,66.2690658569336
2019-08-15,66.1963882446289
2019-08-16,67.47692108154297
2019-08-19,68.11264038085938
2019-08-20,67.71305084228516
2019-08-21,68.13078308105469
2019-08-22,68.23069763183594
2019-08-23,66.4052734375
2019-08-26,66.89569091796875
2019-08-27,66.55059814453125
2019-08-28,67.3679428100586
2019-08-29,68.52130889892578
2019-08-30,68.80284881591797
2019-09-03,67.86742401123047
2019-09-04,68.73018646240234
2019-09-05,69.96529388427734
2019-09-06,70.11060333251953
2019-09-09,70.31947326660156
2019-09-10,70.96429443359375
2019-09-11,71.62724304199219
2019-09-12,71.67266082763672
2019-09-13,72.06315612792969
2019-09-16,71.99959564208984
2019-09-17,71.96327209472656
2019-09-18,71.85428619384766
2019-09-19,71.49102783203125
2019-09-20,71.03907012939453
2019-09-23,70.90213775634766
2019-09-24,70.50043487548828
2019-09-25,70.9569320678711
2019-09-26,71.0573501586914
2019-09-27,70.77432250976562
2019-09-30,70.87476348876953
2019-10-01,69.17662811279297
2019-10-02,67.87104034423828
2019-10-03,68.31840515136719
2019-10-04,69.03053283691406
2019-10-07,68.6836166381836
2019-10-08,67.62454223632812
2019-10-09,68.1997299194336
2019-10-10,68.82054138183594
2019-10-11,70.11698913574219
2019-10-14,69.98004150390625
2019-10-15,70.54609680175781
2019-10-16,70.5095443725586
2019-10-17,70.85649108886719
2019-10-18,70.24481964111328
2019-10-21,70.66476440429688
2019-10-22,71.2216796875
2019-10-23,71.21255493164062
2019-10-24,71.31298828125
2019-10-25,71.7603530883789
2019-10-28,71.96119689941406
2019-10-29,72.19857788085938
2019-10-30,72.4542007446289
2019-10-31,71.67817687988281
2019-11-01,73.2393798828125
2019-11-04,74.08844757080078
2019-11-05,74.24366760253906
2019-11-06,74.2893295288086
2019-11-07,74.54492950439453
2019-11-08,74.64537811279297
2019-11-11,74.68189239501953
2019-11-12,74.67277526855469
2019-11-13,74.36233520507812
2019-11-14,74.59971618652344
2019-11-15,75.14751434326172
2019-11-18,74.8644790649414
2019-11-19,74.80059051513672
2019-11-20,74.20713806152344
2019-11-21,74.17974090576172
2019-11-22,74.56319427490234
2019-11-25,75.10185241699219
2019-11-26,75.32099151611328
2019-11-27,75.24794006347656
2019-11-29,74.90100860595703
2019-12-02,73.66849517822266
2019-12-03,72.86505126953125
2019-12-04,73.1480941772461
2019-12-05,73.16634368896484
2019-12-06,74.05194091796875
2019-12-09,73.7689208984375
2019-12-10,73.67761993408203
2019-12-11,74.14322662353516
2019-12-12,74.80059051513672
2019-12-13,74.59971618652344
2019-12-16,74.56319427490234
2019-12-17,74.49015808105469
2019-12-18,74.17974090576172
2019-12-19,74.38060760498047
2019-12-20,74.72283935546875
2019-12-23,75.33758544921875
2019-12-24,75.03479766845703
2019-12-26,75.20912170410156
2019-12-27,75.14490509033203
2019-12-30,74.79623413085938
2019-12-31,74.7503662109375
2020-01-02,76.16334533691406
2020-01-03,76.01655578613281
2020-01-06,76.04407501220703
2020-01-07,75.88807678222656
2020-01-08,76.1449966430664
2020-01-09,76.46611022949219
2020-01-10,75.92477416992188
2020-01-13,76.5487060546875
2020-01-14,76.55789184570312
2020-01-15,76.67716217041016
2020-01-16,77.4386978149414
2020-01-17,77.44786071777344
2020-01-21,76.5945816040039
2020-01-22,76.19087219238281
2020-01-23,77.01663208007812
2020-01-24,76.6588134765625
2020-01-27,75.20912170410156
2020-01-28,75.69541931152344
2020-01-29,76.0991439819336
2020-01-30,76.18169403076172
2020-01-31,74.42007446289062
2020-02-03,74.39253234863281
2020-02-04,75.7963638305664
2020-02-05,77.06250762939453
2020-02-06,77.31024932861328
2020-02-07,76.75054168701172
2020-02-10,77.18180084228516
2020-02-11,77.47541809082031
2020-02-12,78.20023345947266
2020-02-13,77.75984191894531
2020-02-14,77.65888214111328
2020-02-18,77.218505859375
2020-02-19,77.19097137451172
2020-02-20,77.08085632324219
2020-02-21,76.69551086425781
2020-02-24,74.51180267333984
2020-02-25,71.47481536865234
2020-02-26,70.9334716796875
2020-02-27,68.3001937866211
2020-02-28,67.05237579345703
2020-03-02,69.41039276123047
2020-03-03,67.71300506591797
2020-03-04,70.51141357421875
2020-03-05,67.06153869628906
2020-03-06,66.47431945800781
2020-03-09,60.34529495239258
2020-03-10,63.47404098510742
2020-03-11,59.74890899658203
2020-03-12,53.5648307800293
2020-03-13,57.74871826171875
2020-03-16,51.19761657714844
2020-03-17,53.5556526184082
2020-03-18,49.610313415527344
2020-03-19,49.64701461791992
2020-03-20,47.16053771972656
2020-03-23,45.09488296508789
2020-03-24,50.79993438720703
2020-03-25,53.4721565246582
2020-03-26,56.84709930419922
2020-03-27,54.4522705078125
2020-03-30,55.24746322631836
2020-03-31,54.563228607177734
2020-04-01,52.103675842285156
2020-04-02,52.79716491699219
2020-04-03,52.094425201416016
2020-04-06,55.70054244995117
2020-04-07,55.57109832763672
2020-04-08,57.586814880371094
2020-04-09,58.455989837646484
2020-04-13,56.745391845703125
2020-04-14,57.82722091674805
2020-04-15,56.22758865356445
2020-04-16,55.7282829284668
2020-04-17,58.34503936767578
2020-04-20,56.7916259765625
2020-04-21,55.45090103149414
2020-04-22,56.033416748046875
2020-04-23,56.477256774902344
2020-04-24,56.93032455444336
2020-04-27,58.34503936767578
2020-04-28,59.43610763549805
2020-04-29,60.57342529296875
2020-04-30,59.37139129638672
2020-05-01,57.577571868896484
2020-05-04,56.84709930419922
2020-05-05,57.06901168823242
2020-05-06,56.283077239990234
2020-05-07,56.93956756591797
2020-05-08,58.354278564453125
2020-05-11,57.62380599975586
2020-05-12,56.00567626953125
2020-05-13,54.600223541259766
2020-05-14,55.17349624633789
2020-05-15,54.97932052612305
2020-05-18,58.60392379760742
2020-05-19,57.85496139526367
2020-05-20,58.93679428100586
2020-05-21,59.07549285888672
2020-05-22,59.02926254272461
2020-05-26,61.507301330566406
2020-05-27,63.56000900268555
2020-05-28,62.95899963378906
2020-05-29,62.57065200805664
2020-06-01,62.709346771240234
2020-06-02,63.52302169799805
2020-06-03,66.00106811523438
2020-06-04,66.70380401611328
2020-06-05,69.15411376953125
2020-06-08,70.54107666015625
2020-06-09,68.78425598144531
2020-06-10,67.13838195800781
2020-06-11,62.42271423339844
2020-06-12,63.63399887084961
2020-06-15,64.26273345947266
2020-06-16,65.52027130126953
2020-06-17,65.04869842529297
2020-06-18,64.80828857421875
2020-06-19,64.01311492919922
2020-06-22,64.1208267211914
2020-06-23,64.1301040649414
2020-06-24,61.9011116027832
2020-06-25,62.5883903503418
2020-06-26,61.42744445800781
2020-06-29,63.442840576171875
2020-06-30,63.805049896240234
2020-07-01,63.51713943481445
2020-07-02,64.06510925292969
2020-07-06,64.98455810546875
2020-07-07,63.74003601074219
2020-07-08,63.74003601074219
2020-07-09,62.35621643066406
2020-07-10,63.16422653198242
2020-07-13,63.42427444458008
2020-07-14,64.79879760742188
2020-07-15,66.4520034790039
2020-07-16,66.47056579589844
2020-07-17,66.86993408203125
2020-07-20,66.05265808105469
2020-07-21,66.92565155029297
2020-07-22,67.46431732177734
2020-07-23,67.2599868774414
2020-07-24,66.72132110595703
2020-07-27,66.99995422363281
2020-07-28,66.53557586669922
2020-07-29,67.54791259765625
2020-07-30,66.86993408203125
2020-07-31,66.61917877197266
2020-08-03,66.89778900146484
2020-08-04,67.06497192382812
2020-08-05,68.34663391113281
2020-08-06,68.60667419433594
2020-08-07,69.77690887451172
2020-08-10,71.4950942993164
2020-08-11,71.8758773803711
2020-08-12,72.10807037353516
2020-08-13,71.72727966308594
2020-08-14,72.00589752197266
2020-08-17,71.67155456542969
2020-08-18,71.28147888183594
2020-08-19,71.09573364257812
2020-08-20,70.7149658203125
2020-08-21,71.00286865234375
2020-08-24,72.2845230102539
2020-08-25,72.19165802001953
2020-08-26,72.22880554199219
2020-08-27,72.48886108398438
2020-08-28,73.1761245727539
2020-08-31,72.26593780517578
2020-09-01,72.99966430664062
2020-09-02,74.20704650878906
2020-09-03,72.12664794921875
2020-09-04,72.29380798339844
2020-09-08,70.9378433227539
2020-09-09,72.03376007080078
2020-09-10,71.11430358886719
2020-09-11,72.08021545410156
2020-09-14,73.05540466308594
2020-09-15,73.10183715820312
2020-09-16,73.8448257446289
2020-09-17,73.99343872070312
2020-09-18,73.16682434082031
2020-09-21,70.73804473876953
2020-09-22,71.43731689453125
2020-09-23,70.15997314453125
2020-09-24,70.26255798339844
2020-09-25,71.31611633300781
2020-09-28,72.60277557373047
2020-09-29,71.95943450927734
2020-09-30,71.77296447753906
2020-10-01,71.55852508544922
2020-10-02,72.3603515625
2020-10-05,73.52579498291016
2020-10-06,72.63072967529297
2020-10-07,74.2343978881836
2020-10-08,74.97095489501953
2020-10-09,75.25067138671875
2020-10-12,75.6795425415039
2020-10-13,74.84041595458984
2020-10-14,75.26000213623047
2020-10-15,75.53038024902344
2020-10-16,76.0804672241211
2020-10-19,75.13876342773438
2020-10-20,75.53038024902344
2020-10-21,74.7658462524414
2020-10-22,75.3812026977539
2020-10-23,75.6795425415039
2020-10-26,73.78687286376953
2020-10-27,72.17388153076172
2020-10-28,69.80569458007812
2020-10-29,70.82196044921875
2020-10-30,70.73804473876953
2020-11-02,72.64937591552734
2020-11-03,74.79380798339844
2020-11-04,74.01996612548828
2020-11-05,75.76345825195312
2020-11-06,75.83805847167969
2020-11-09,78.4206771850586
2020-11-10,79.80057525634766
2020-11-11,79.12928009033203
2020-11-12,78.22489166259766
2020-11-13,79.95906829833984
2020-11-16,81.90772247314453
2020-11-17,81.69326782226562
2020-11-18,81.32964324951172
2020-11-19,81.53475952148438
2020-11-20,80.7982177734375
2020-11-23,82.15010833740234
2020-11-24,83.58594512939453
2020-11-25,82.95195007324219
2020-11-27,82.81210327148438
2020-11-30,82.07553100585938
2020-12-01,81.87039947509766
2020-12-02,81.98229217529297
2020-12-03,82.19673156738281
2020-12-04,83.17570495605469
2020-12-07,82.77478790283203
2020-12-08,83.17570495605469
2020-12-09,83.36219024658203
2020-12-10,82.56967163085938
2020-12-11,82.76546478271484
2020-12-14,81.69326782226562
2020-12-15,82.83074951171875
2020-12-16,82.31795501708984
2020-12-17,82.82142639160156
2020-12-18,82.83074951171875
2020-12-21,82.33080291748047
2020-12-22,81.94695281982422
2020-12-23,82.37761688232422
2020-12-24,82.38697814941406
2020-12-28,82.48994445800781
2020-12-29,81.99373626708984
2020-12-30,82.5180435180664
2020-12-31,82.90188598632812
2021-01-04,80.89839172363281
2021-01-05,81.69418334960938
2021-01-06,83.64149475097656
2021-01-07,84.10026550292969
2021-01-08,83.89427185058594
2021-01-11,83.86620330810547
2021-01-12,84.69943237304688
2021-01-13,83.96917724609375
2021-01-14,84.2593994140625
2021-01-15,83.1640396118164
2021-01-19,83.4355239868164
2021-01-20,83.95044708251953
2021-01-21,83.29510498046875
2021-01-22,82.86445617675781
2021-01-25,82.30270385742188
2021-01-26,81.54437255859375
2021-01-27,79.92472839355469
2021-01-28,81.11370849609375
2021-01-29,79.36298370361328
2021-02-01,80.18687438964844
2021-02-02,81.8907699584961
2021-02-03,81.94695281982422
2021-02-04,82.82698822021484
2021-02-05,83.31381225585938
2021-02-08,84.02534484863281
2021-02-09,84.24069213867188
2021-02-10,84.109619140625
2021-02-11,83.93172454833984
2021-02-12,84.54027557373047
2021-02-16,84.45600128173828
2021-02-17,84.22196197509766
2021-02-18,83.8006591796875
2021-02-19,85.17691040039062
2021-02-22,85.44840240478516
2021-02-23,85.7105484008789
2021-02-24,87.33018493652344
2021-02-25,85.71988677978516
2021-02-26,84.83048248291016
2021-03-01,87.00253295898438
2021-03-02,86.7497329711914
2021-03-03,86.8433609008789
2021-03-04,85.457763671875
2021-03-05,87.47998809814453
2021-03-08,88.39747619628906
2021-03-09,88.03236389160156
2021-03-10,89.33369445800781
2021-03-11,89.39922332763672
2021-03-12,90.59758758544922
2021-03-15,91.35591125488281
2021-03-16,90.05458068847656
2021-03-17,91.09378814697266
2021-03-18,91.009521484375
2021-03-19,90.31671142578125
2021-03-22,90.2660140991211
2021-03-23,88.68833923339844
2021-03-24,89.3362808227539
2021-03-25,90.76372528076172
2021-03-26,92.33202362060547
2021-03-29,92.35079956054688
2021-03-30,92.75460052490234
2021-03-31,92.45410919189453
2021-04-01,92.76400756835938
2021-04-05,93.90969848632812
2021-04-06,93.68431854248047
2021-04-07,93.25234985351562
2021-04-08,93.47772216796875
2021-04-09,94.3886489868164
2021-04-12,94.73611450195312
2021-04-13,94.27595520019531
2021-04-14,94.39804077148438
2021-04-15,94.7736587524414
2021-04-16,94.98027801513672
2021-04-19,94.58585357666016
2021-04-20,93.54347229003906
2021-04-21,94.82063293457031
2021-04-22,94.3416976928711
2021-04-23,95.37470245361328
2021-04-26,95.09297180175781
2021-04-27,95.88180541992188
2021-04-28,95.6845932006836
2021-04-29,96.36074829101562
2021-04-30,95.72216796875
2021-05-03,96.7082290649414
2021-05-04,97.13081359863281
2021-05-05,97.2247314453125
2021-05-06,97.9008560180664
2021-05-07,98.93386840820312
2021-05-10,99.02777862548828
2021-05-11,97.56279754638672
2021-05-12,95.22443389892578
2021-05-13,97.00872802734375
2021-05-14,98.35163879394531
2021-05-17,98.05113220214844
2021-05-18,96.62369537353516
2021-05-19,96.07902526855469
2021-05-20,96.29502868652344
2021-05-21,96.76455688476562
2021-05-24,97.36559295654297
2021-05-25,97.07447052001953
2021-05-26,97.38436889648438
2021-05-27,98.7178955078125
2021-05-28,98.7178955078125
2021-06-01,99.1029281616211
2021-06-02,98.8211898803711
2021-06-03,98.60519409179688
2021-06-04,98.92448425292969
2021-06-07,98.23893737792969
2021-06-08,98.49250793457031
2021-06-09,97.48766326904297
2021-06-10,97.00872802734375
2021-06-11,97.20594024658203
2021-06-14,96.76455688476562
2021-06-15,97.17777252197266
2021-06-16,96.25743865966797
2021-06-17,94.7736587524414
2021-06-18,93.54347229003906
2021-06-21,95.60093688964844
2021-06-22,95.70454406738281
2021-06-23,95.4878921508789
2021-06-24,96.23213195800781
2021-06-25,96.42052459716797
2021-06-28,95.91180419921875
2021-06-29,95.72340393066406
2021-06-30,96.4676284790039
2021-07-01,97.15534210205078
2021-07-02,97.30609130859375
2021-07-06,96.37342834472656
2021-07-07,97.33433532714844
2021-07-08,95.97776794433594
2021-07-09,97.49449157714844
2021-07-12,97.62637329101562
2021-07-13,96.68431091308594
2021-07-14,96.67488861083984
2021-07-15,96.86328887939453
2021-07-16,96.00601959228516
2021-07-19,93.9994125366211
2021-07-20,96.62777709960938
2021-07-21,97.5510025024414
2021-07-22,97.1930160522461
2021-07-23,97.60755920410156
2021-07-26,97.56043243408203
2021-07-27,97.0234603881836
2021-07-28,96.79735565185547
2021-07-29,97.56043243408203
2021-07-30,97.37202453613281
2021-08-02,96.70314025878906
2021-08-03,97.96552276611328
2021-08-04,96.63720703125
2021-08-05,97.08939361572266
2021-08-06,97.54158782958984
2021-08-09,97.15534210205078
2021-08-10,98.14450073242188
2021-08-11,99.41630554199219
2021-08-12,99.22789001464844
2021-08-13,98.91699981689453
2021-08-16,99.25614166259766
2021-08-17,98.18221282958984
2021-08-18,97.10824584960938
2021-08-19,96.42996215820312
2021-08-20,96.68431091308594
2021-08-23,97.47563934326172
2021-08-24,97.96552276611328
2021-08-25,98.59671020507812
2021-08-26,98.16334533691406
2021-08-27,98.84164428710938
2021-08-30,98.72859954833984
2021-08-31,98.45539855957031
2021-09-01,98.07857513427734
2021-09-02,99.1336898803711
2021-09-03,98.53077697753906
2021-09-07,96.82563018798828
2021-09-08,96.95750427246094
2021-09-09,96.4864730834961
2021-09-10,96.0531234741211
2021-09-13,96.3074951171875
2021-09-14,95.14874267578125
2021-09-15,96.19441986083984
2021-09-16,95.53498840332031
2021-09-17,94.51756286621094
2021-09-20,93.43351745605469
2021-09-21,92.94205474853516
2021-09-22,93.67925262451172
2021-09-23,95.11580657958984
2021-09-24,95.31428527832031
2021-09-27,95.40879821777344
2021-09-28,94.30300903320312
2021-09-29,94.40696716308594
2021-09-30,92.46949768066406
2021-10-01,93.73594665527344
2021-10-04,93.22557830810547
2021-10-05,94.26520538330078
2021-10-06,94.68106079101562
2021-10-07,95.41825866699219
2021-10-08,95.40879821777344
2021-10-11,94.64326477050781
2021-10-12,94.33137512207031
2021-10-13,94.52984619140625
2021-10-14,96.31609344482422
2021-10-15,97.24231719970703
2021-10-18,97.3084716796875
2021-10-19,97.8849868774414
2021-10-20,98.49931335449219
2021-10-21,98.6977767944336
2021-10-22,99.04747772216797
2021-10-25,99.27429962158203
2021-10-26,98.65995788574219
2021-10-27,97.50694274902344
2021-10-28,98.72611999511719
2021-10-29,98.75447082519531
2021-11-01,99.028564453125
2021-11-02,99.35935974121094
2021-11-03,99.1419677734375
2021-11-04,99.53893280029297
2021-11-05,100.5501937866211
2021-11-08,100.96603393554688
2021-11-09,101.2212142944336
2021-11-10,100.65414428710938
2021-11-11,100.23829650878906
2021-11-12,101.03218841552734
2021-11-15,101.2212142944336
2021-11-16,101.24011993408203
2021-11-17,100.63524627685547
2021-11-18,100.42733001708984
2021-11-19,99.92642211914062
2021-11-22,100.20048522949219
2021-11-23,100.37062072753906
2021-11-24,100.25718688964844
2021-11-26,97.54473876953125
2021-11-29,97.7148666381836
2021-11-30,95.23867797851562
2021-12-01,93.91551971435547
2021-12-02,96.7035903930664
2021-12-03,96.5901870727539
2021-12-06,98.22520446777344
2021-12-07,99.2270278930664
2021-12-08,99.4727783203125
2021-12-09,99.16088104248047
2021-12-10,99.56727600097656
2021-12-13,98.537109375
2021-12-14,97.60144805908203
2021-12-15,98.45204162597656
2021-12-16,98.49931335449219
2021-12-17,96.8170166015625
2021-12-20,95.26593017578125
2021-12-21,97.16326141357422
2021-12-22,97.43839263916016
2021-12-23,98.58628845214844
2021-12-27,99.62983703613281
2021-12-28,100.13262939453125
2021-12-29,100.31288146972656
2021-12-30,99.95238494873047
2021-12-31,100.37928009033203
2022-01-03,99.553955078125
2022-01-04,101.5556411743164
2022-01-05,100.5879898071289
2022-01-06,101.05284881591797
2022-01-07,101.02436828613281
2022-01-10,99.885986328125
2022-01-11,100.48362731933594
2022-01-12,100.80618286132812
2022-01-13,101.02436828613281
2022-01-14,100.417236328125
2022-01-18,99.25984954833984
2022-01-19,98.14989471435547
2022-01-20,96.89765930175781
2022-01-21,96.00587463378906
2022-01-24,96.55613708496094
2022-01-25,95.60745239257812
2022-01-26,94.77262115478516
2022-01-27,93.92829895019531
2022-01-28,94.58287811279297
2022-01-31,95.56949615478516
2022-02-01,96.88815307617188
2022-02-02,97.56170654296875
2022-02-03,96.00587463378906
2022-02-04,94.97181701660156
2022-02-07,95.0477066040039
2022-02-08,95.99640655517578
2022-02-09,97.31507110595703
2022-02-10,95.72128295898438
2022-02-11,94.26032257080078
2022-02-14,93.9093246459961
2022-02-15,95.32284545898438
2022-02-16,95.82564544677734
2022-02-17,94.07059478759766
2022-02-18,93.29268646240234
2022-02-22,92.39143371582031
2022-02-23,90.69331359863281
2022-02-24,91.8506851196289
2022-02-25,94.0421371459961
2022-02-28,94.76313018798828
2022-03-01,93.34959411621094
2022-03-02,95.3418197631836
2022-03-03,95.44618225097656
2022-03-04,95.23745727539062
2022-03-07,92.6855239868164
2022-03-08,92.1163330078125
2022-03-09,93.78599548339844
2022-03-10,93.66268157958984
2022-03-11,92.91321563720703
2022-03-14,93.22626495361328
2022-03-15,94.70620727539062
2022-03-16,95.95845794677734
2022-03-17,97.19172668457031
2022-03-18,97.56170654296875
2022-03-21,97.78160095214844
2022-03-22,98.31461334228516
2022-03-23,97.37230682373047
2022-03-24,98.11473846435547
2022-03-25,98.72389221191406
2022-03-28,98.75244903564453
2022-03-29,99.66621398925781
2022-03-30,99.55198669433594
2022-03-31,98.01956176757812
2022-04-01,97.2580795288086
2022-04-04,97.13435363769531
2022-04-05,95.75418853759766
2022-04-06,95.01174926757812
2022-04-07,95.33538818359375
2022-04-08,94.80236053466797
2022-04-11,94.49775695800781
2022-04-12,94.34547424316406
2022-04-13,95.2306900024414
2022-04-14,95.12598419189453
2022-04-18,94.79283142089844
2022-04-19,96.5156478881836
2022-04-20,97.03915405273438
2022-04-21,96.04926300048828
2022-04-22,93.68873596191406
2022-04-25,93.68873596191406
2022-04-26,91.64227294921875
2022-04-27,91.98493194580078
2022-04-28,93.02243041992188
2022-04-29,90.55719757080078
2022-05-02,90.74755859375
2022-05-03,91.34721374511719
2022-05-04,93.99330139160156
2022-05-05,91.53758239746094
2022-05-06,90.91888427734375
2022-05-09,88.72016906738281
2022-05-10,88.1395492553711
2022-05-11,87.34001159667969
2022-05-12,87.50180053710938
2022-05-13,88.6154556274414
2022-05-16,88.49172973632812
2022-05-17,90.50009155273438
2022-05-18,87.13059997558594
2022-05-19,86.35010528564453
2022-05-20,85.41728973388672
2022-05-23,86.81649780273438
2022-05-24,86.76891326904297
2022-05-25,87.27338409423828
2022-05-26,89.04377746582031
2022-05-27,90.87129211425781
2022-05-31,90.13838195800781
2022-06-01,89.58631896972656
2022-06-02,91.29962158203125
2022-06-03,90.94743347167969
2022-06-06,91.32817840576172
2022-06-07,92.55603790283203
2022-06-08,90.88082885742188
2022-06-09,89.09136199951172
2022-06-10,86.46432495117188
2022-06-13,83.86581420898438
2022-06-14,83.65642547607422
2022-06-15,84.4654769897461
2022-06-16,81.64806365966797
2022-06-17,81.43865203857422
2022-06-21,82.92428588867188
2022-06-22,82.46540832519531
2022-06-23,82.0447769165039
2022-06-24,84.91279602050781
2022-06-27,84.71202850341797
2022-06-28,83.72734069824219
2022-06-29,83.23978424072266
2022-06-30,83.49789428710938
2022-07-01,84.22447204589844
2022-07-05,82.96253204345703
2022-07-06,83.44053649902344
2022-07-07,84.42522430419922
2022-07-08,84.04281616210938
2022-07-11,83.4787826538086
2022-07-12,83.22065734863281
2022-07-13,82.20729064941406
2022-07-14,81.73885345458984
2022-07-15,83.0198974609375
2022-07-18,82.52276611328125
2022-07-19,85.46727752685547
2022-07-20,86.1269302368164
2022-07-21,86.74832153320312
2022-07-22,86.47108459472656
2022-07-25,86.88216400146484
2022-07-26,86.41373443603516
2022-07-27,87.75215148925781
2022-07-28,89.58769226074219
2022-07-29,91.43277740478516
2022-08-01,91.52838134765625
2022-08-02,90.56282043457031
2022-08-03,91.4136734008789
2022-08-04,91.7482681274414
2022-08-05,91.89167022705078
2022-08-08,91.86298370361328
2022-08-09,91.52838134765625
2022-08-10,93.53599548339844
2022-08-11,94.03311920166016
2022-08-12,95.44802856445312
2022-08-15,95.6774673461914
2022-08-16,96.107666015625
2022-08-17,95.34286499023438
2022-08-18,95.72526550292969
2022-08-19,94.49200439453125
2022-08-22,92.69470977783203
2022-08-23,92.86680603027344
2022-08-24,93.17271423339844
2022-08-25,94.59716796875
2022-08-26,91.31804656982422
2022-08-29,90.90697479248047
2022-08-30,89.59724426269531
2022-08-31,88.84199523925781
2022-09-01,88.96627044677734
2022-09-02,88.1058578491211
2022-09-06,88.249267578125
2022-09-07,89.6641616821289
2022-09-08,89.93184661865234
2022-09-09,91.0981674194336
2022-09-12,91.64310455322266
2022-09-13,88.19190979003906
2022-09-14,88.01982879638672
2022-09-15,87.10205078125
2022-09-16,85.28563690185547
2022-09-19,86.4431381225586
2022-09-20,85.3672866821289
2022-09-21,84.23379516601562
2022-09-22,82.96583557128906
2022-09-23,81.40966033935547
2022-09-26,80.55474853515625
2022-09-27,80.2857894897461
2022-09-28,82.05326080322266
2022-09-29,80.631591796875
2022-09-30,79.57493591308594
2022-10-03,81.97640228271484
2022-10-04,84.8293685913086
2022-10-05,84.36827087402344
2022-10-06,83.39807891845703
2022-10-07,81.80352020263672
2022-10-10,82.0916976928711
2022-10-11,82.07247924804688
2022-10-12,81.42888641357422
2022-10-13,83.22518157958984
2022-10-14,81.40005493164062
2022-10-17,83.1771469116211
2022-10-18,85.18478393554688
2022-10-19,84.57959747314453
2022-10-20,82.91778564453125
2022-10-21,85.19439697265625
2022-10-24,86.327880859375
2022-10-25,87.49017333984375
2022-10-26,87.79756164550781
2022-10-27,88.82540130615234
2022-10-28,90.89065551757812
2022-10-31,90.63129425048828
2022-11-01,90.54483032226562
2022-11-02,88.95027923583984
2022-11-03,89.88204956054688
2022-11-04,91.32292175292969
2022-11-07,92.3027114868164
2022-11-08,93.10962677001953
2022-11-09,91.81282806396484
2022-11-10,95.66476440429688
2022-11-11,95.60713958740234
2022-11-14,95.02118682861328
2022-11-15,95.67438507080078
2022-11-16,94.98274230957031
2022-11-17,94.81945037841797
2022-11-18,95.52067565917969
2022-11-21,95.82807159423828
2022-11-22,96.56773376464844
2022-11-23,96.93274688720703
2022-11-25,97.30736541748047
2022-11-28,95.53988647460938
2022-11-29,96.12584686279297
2022-11-30,97.71082305908203
2022-12-01,97.7396240234375
2022-12-02,98.29678344726562
2022-12-05,96.65416717529297
2022-12-06,95.5110855102539
2022-12-07,95.38621520996094
2022-12-08,95.95294952392578
2022-12-09,95.16526794433594
2022-12-12,96.79825592041016
2022-12-13,97.16327667236328
2022-12-14,96.98076629638672
2022-12-15,94.63693237304688
2022-12-16,94.23348236083984
2022-12-19,93.7374038696289
2022-12-20,93.85321807861328
2022-12-21,95.6194839477539
2022-12-22,94.40335845947266
2022-12-23,94.96316528320312
2022-12-27,95.25271606445312
2022-12-28,94.00765228271484
2022-12-29,95.16585540771484
2022-12-30,94.7894287109375
2023-01-03,94.99211120605469
2023-01-04,95.8318099975586
2023-01-05,94.79910278320312
2023-01-06,97.3953857421875
2023-01-09,96.9610595703125
2023-01-10,97.49191284179688
2023-01-11,98.42813110351562
2023-01-12,99.00723266601562
2023-01-13,98.89140319824219
2023-01-17,98.05171203613281
2023-01-18,96.20823669433594
2023-01-19,94.2296371459961
2023-01-20,95.54227447509766
2023-01-23,96.58464813232422
2023-01-24,97.22167205810547
2023-01-25,96.6811752319336
2023-01-26,97.2120132446289
2023-01-27,97.61738586425781
2023-01-30,96.66187286376953
2023-01-31,98.30266571044922
2023-02-01,99.01687622070312
2023-02-02,99.78902435302734
2023-02-03,99.26782989501953
2023-02-06,99.02653503417969
2023-02-07,99.33538818359375
2023-02-08,98.77558898925781
2023-02-09,97.88764190673828
2023-02-10,98.58255767822266
2023-02-13,99.48016357421875
2023-02-14,99.20991516113281
2023-02-15,99.82762145996094
2023-02-16,98.7948989868164
2023-02-17,99.44155883789062
2023-02-21,97.16374206542969
2023-02-22,96.9224624633789
2023-02-23,97.37608337402344
2023-02-24,96.81629180908203
2023-02-27,97.67529296875
2023-02-28,97.45332336425781
2023-03-01,97.8393783569336
2023-03-02,98.98792266845703
2023-03-03,100.05927276611328
2023-03-06,99.87589263916016
2023-03-07,98.59220886230469
2023-03-08,98.82384490966797
2023-03-09,97.36644744873047
2023-03-10,95.55191802978516
2023-03-13,95.01142883300781
2023-03-14,96.01520538330078
2023-03-15,93.65052795410156
2023-03-16,94.85698699951172
2023-03-17,93.30306243896484
2023-03-20,94.5387191772461
2023-03-21,95.63383483886719
2023-03-22,93.80217742919922
2023-03-23,93.53083038330078
2023-03-24,93.91847229003906
2023-03-27,94.7034683227539
2023-03-28,95.18804931640625
2023-03-29,96.57388305664062
2023-03-30,96.77741241455078
2023-03-31,98.05667114257812
2023-04-03,98.23109436035156
2023-04-04,96.03117370605469
2023-04-05,94.78099822998047
2023-04-06,94.7519302368164
2023-04-10,95.61444854736328
2023-04-11,96.18623352050781
2023-04-12,96.50605010986328
2023-04-13,96.86461639404297
2023-04-14,96.74834442138672
2023-04-17,97.51394653320312
2023-04-18,97.9791259765625
2023-04-19,97.9015884399414
2023-04-20,97.7271499633789
2023-04-21,97.5042495727539
2023-04-24,97.7368392944336
2023-04-25,95.93426513671875
2023-04-26,94.12199401855469
2023-04-27,95.98271942138672
2023-04-28,96.91307830810547
2023-05-01,97.43640899658203
2023-05-02,96.4188232421875
2023-05-03,96.05055236816406
2023-05-04,95.00389862060547
2023-05-05,96.43821716308594
2023-05-08,96.08934020996094
2023-05-09,96.30254364013672
2023-05-10,95.95364379882812
2023-05-11,95.37216186523438
2023-05-12,95.44001770019531
2023-05-15,95.90518951416016
2023-05-16,94.6065444946289
2023-05-17,96.23469543457031
2023-05-18,96.93246459960938
2023-05-19,96.69986724853516
2023-05-22,96.68049621582031
2023-05-23,95.51753997802734
2023-05-24,94.2867431640625
2023-05-25,94.59686279296875
2023-05-26,95.30431365966797
2023-05-30,95.1589584350586
2023-05-31,93.86032104492188
2023-06-01,95.06204223632812
2023-06-02,97.8240737915039
2023-06-05,97.14566802978516
2023-06-06,97.75623321533203
2023-06-07,99.32621765136719
2023-06-08,99.50066375732422
2023-06-09,99.23899841308594
2023-06-12,99.94645690917969
2023-06-13,101.10942077636719
2023-06-14,100.83807373046875
2023-06-15,102.35960388183594
2023-06-16,102.19483947753906
2023-06-20,101.43590545654297
2023-06-21,102.00023651123047
2023-06-22,101.2607650756836
2023-06-23,100.49208068847656
2023-06-26,101.32887268066406
2023-06-27,102.54512786865234
2023-06-28,102.54512786865234
2023-06-29,103.53759765625
2023-06-30,104.42304229736328
2023-07-03,104.4424819946289
2023-07-05,103.8781509399414
2023-07-06,103.09974670410156
2023-07-07,103.333251953125
2023-07-10,104.80249786376953
2023-07-11,106.03822326660156
2023-07-12,105.85334014892578
2023-07-13,105.98957824707031
2023-07-14,105.6781997680664
2023-07-17,106.07713317871094
2023-07-18,106.67066955566406
2023-07-19,106.62203216552734
2023-07-20,107.09879302978516
2023-07-21,106.59282684326172
2023-07-24,106.83609771728516
2023-07-25,106.69986724853516
2023-07-26,107.4490737915039
2023-07-27,106.52471923828125
2023-07-28,107.18636322021484
2023-07-31,107.4393539428711
2023-08-01,107.76044464111328
2023-08-02,106.63175964355469
2023-08-03,105.96038818359375
2023-08-04,105.31819152832031
2023-08-07,106.6123046875
2023-08-08,106.12577819824219
2023-08-09,106.06741333007812
2023-08-10,105.77550506591797
2023-08-11,105.9506607055664
2023-08-14,105.98957824707031
2023-08-15,104.63710021972656
2023-08-16,104.05329132080078
2023-08-17,103.17758178710938
2023-08-18,103.37217712402344
2023-08-21,103.24569702148438
2023-08-22,103.00243377685547
2023-08-23,104.06301879882812
2023-08-24,102.79811096191406
2023-08-25,103.66407775878906
2023-08-28,104.51060485839844
2023-08-29,105.30846405029297
2023-08-30,105.78524017333984
2023-08-31,105.30846405029297
2023-09-01,105.86307525634766
2023-09-05,104.08247375488281
2023-09-06,103.6348876953125
2023-09-07,103.29434204101562
2023-09-08,102.77864074707031
2023-09-11,102.8078384399414
2023-09-12,102.43810272216797
2023-09-13,101.75701141357422
2023-09-14,102.75918579101562
2023-09-15,102.16565704345703
2023-09-18,102.27898406982422
2023-09-19,101.84911346435547
2023-09-20,101.44857025146484
2023-09-21,99.78770446777344
2023-09-22,99.44578552246094
2023-09-25,99.94403839111328
2023-09-26,98.41995239257812
2023-09-27,99.15267944335938
2023-09-28,99.5727767944336
2023-09-29,99.04520416259766
2023-10-02,98.0780029296875
2023-10-03,97.39412689208984
2023-10-04,97.70675659179688
2023-10-05,97.1303482055664
2023-10-06,98.45903015136719
2023-10-09,100.00264739990234
2023-10-10,100.6083755493164
2023-10-11,101.2140884399414
2023-10-12,100.29574584960938
2023-10-13,99.40669250488281
2023-10-16,100.46182250976562
2023-10-17,100.77445220947266
2023-10-18,98.341796875
2023-10-19,97.43321990966797
2023-10-20,96.42694091796875
2023-10-23,95.97753143310547
2023-10-24,96.70049285888672
2023-10-25,95.4597396850586
2023-10-26,95.0591812133789
2023-10-27,94.2189712524414
2023-10-30,95.39134979248047
2023-10-31,96.09476470947266
2023-11-01,96.40740203857422
2023-11-02,98.39063262939453
2023-11-03,99.26014709472656
2023-11-06,98.99637603759766
2023-11-07,98.75212860107422
2023-11-08,98.97682189941406
2023-11-09,98.76187896728516
2023-11-10,100.18827819824219
2023-11-13,100.27619934082031
2023-11-14,102.28874206542969
2023-11-15,102.5036849975586
2023-11-16,102.52323150634766
2023-11-17,103.17779541015625
2023-11-20,103.49043273925781
2023-11-21,103.41227722167969
2023-11-22,103.63697814941406
2023-11-24,103.89097595214844
2023-11-27,103.3048095703125
2023-11-28,103.0605697631836
2023-11-29,103.45134735107422
2023-11-30,104.58464050292969
2023-12-01,106.2357177734375
2023-12-04,106.41156005859375
2023-12-05,105.55183410644531
2023-12-06,106.02078247070312
2023-12-07,106.11847686767578
2023-12-08,106.45064544677734
2023-12-11,107.4666976928711
2023-12-12,107.95518493652344
2023-12-13,109.15685272216797
2023-12-14,110.56368255615234
2023-12-15,110.41714477539062
2023-12-18,110.4122314453125
2023-12-19,111.26683044433594
2023-12-20,109.46920776367188
2023-12-21,110.59886932373047
2023-12-22,111.12931823730469
2023-12-26,111.91517639160156
2023-12-27,112.08216857910156
2023-12-28,112.11163330078125
2023-12-29,111.97411346435547
2024-01-02,110.84445190429688
2024-01-03,109.19416809082031
2024-01-04,109.33168029785156
2024-01-05,109.45938873291016
2024-01-08,110.17647552490234
2024-01-09,109.83265686035156
2024-01-10,110.39259338378906
2024-01-11,110.1371841430664
2024-01-12,110.12735748291016
2024-01-16,109.01734924316406
2024-01-17,108.28060150146484
2024-01-18,109.74425506591797
2024-01-19,110.46134948730469
2024-01-22,111.31596374511719
2024-01-23,111.22755432128906
2024-01-24,110.53993225097656
2024-01-25,111.600830078125
2024-01-26,111.42401123046875
2024-01-29,112.15092468261719
2024-01-30,112.19022369384766
2024-01-31,110.89356994628906
2024-02-01,112.77960968017578
2024-02-02,113.53599548339844
2024-02-05,112.91712951660156
2024-02-06,113.92892456054688
2024-02-07,114.685302734375
2024-02-08,114.70494842529297
2024-02-09,114.88175964355469
2024-02-12,115.04875183105469
2024-02-13,113.86997985839844
2024-02-14,115.77567291259766
2024-02-15,116.6401138305664
2024-02-16,115.94265747070312
2024-02-20,115.5792236328125
2024-02-21,116.0408935546875
2024-02-22,117.4750747680664
2024-02-23,118.09394073486328
2024-02-26,117.91712951660156
2024-02-27,118.09394073486328
2024-02-28,118.49668884277344
2024-02-29,118.86015319824219
2024-03-01,119.37094116210938
2024-03-04,119.80316925048828
2024-03-05,118.82084655761719
2024-03-06,119.43970489501953
2024-03-07,120.40237426757812
2024-03-08,120.13716125488281
2024-03-11,119.5182876586914
2024-03-12,120.04874420166016
2024-03-13,120.37290954589844
2024-03-14,119.86209869384766
2024-03-15,119.88175201416016
2024-03-18,120.09457397460938
2024-03-19,121.12920379638672
2024-03-20,122.58753204345703
2024-03-21,123.79950714111328
2024-03-22,123.37580871582031
2024-03-25,122.57766723632812
2024-03-26,122.13426208496094
2024-03-27,124.0951156616211
2024-03-28,124.11482238769531
2024-04-01,123.15901947021484
2024-04-02,122.58753204345703
2024-04-03,123.21815490722656
2024-04-04,122.13426208496094
2024-04-05,123.82907104492188
2024-04-08,123.6122817993164
2024-04-09,123.3265380859375
2024-04-10,122.27220916748047
2024-04-11,122.41017150878906
2024-04-12,121.09964752197266
2024-04-15,120.23252868652344
2024-04-16,119.95662689208984
2024-04-17,119.33586883544922
2024-04-18,118.9220199584961
2024-04-19,118.70525360107422
2024-04-22,119.6019058227539
2024-04-23,121.26715087890625
2024-04-24,120.30150604248047
2024-04-25,120.66609191894531
2024-04-26,120.8631591796875
2024-04-29,121.671142578125
2024-04-30,119.73985290527344
2024-05-01,119.44425201416016
2024-05-02,120.13400268554688
2024-05-03,120.97154235839844
2024-05-06,122.1933822631836
2024-05-07,122.52839660644531
2024-05-08,122.52839660644531
2024-05-09,123.75023651123047
2024-05-10,123.83891296386719
2024-05-13,123.3166732788086
2024-05-14,123.28712463378906
2024-05-15,124.0951156616211
2024-05-16,123.3561019897461
2024-05-17,123.49405670166016
2024-05-20,123.73053741455078
2024-05-21,123.3265380859375
2024-05-22,123.47433471679688
2024-05-23,122.01602935791016
2024-05-24,122.63679504394531
2024-05-28,121.1390609741211
2024-05-29,119.4245376586914
2024-05-30,120.24239349365234
2024-05-31,121.70071411132812
2024-06-03,120.21282958984375
2024-06-04,119.9172134399414
2024-06-05,121.12920379638672
2024-06-06,120.40989685058594
2024-06-07,120.53800201416016
2024-06-10,120.91242980957031
2024-06-11,120.22269439697266
2024-06-12,121.36569213867188
2024-06-13,120.5872573852539
2024-06-14,119.37528228759766
2024-06-17,120.6956558227539
2024-06-18,121.34598541259766
2024-06-20,121.4248046875
2024-06-21,121.16862487792969
2024-06-24,121.68374633789062
2024-06-25,120.64556884765625
2024-06-26,120.31929016113281
2024-06-27,120.44783020019531
2024-06-28,120.49726867675781
2024-07-01,119.20201873779297
2024-07-02,119.85458374023438
2024-07-03,120.28963470458984
2024-07-05,119.85458374023438
2024-07-08,120.00289916992188
2024-07-09,119.47886657714844
2024-07-10,120.54669952392578
2024-07-11,122.07923889160156
2024-07-12,122.78125
2024-07-15,123.66121673583984
2024-07-16,126.7460708618164
2024-07-17,125.12454986572266
2024-07-18,124.14569854736328
2024-07-19,123.46347045898438
2024-07-22,124.71916961669922
2024-07-23,124.48187255859375
2024-07-24,121.80239868164062
2024-07-25,122.78125
2024-07-26,124.87737274169922
2024-07-29,124.65984344482422
2024-07-30,125.02566528320312
2024-07-31,126.41979217529297
2024-08-01,124.07648468017578
2024-08-02,121.34757995605469
2024-08-05,119.24156951904297
2024-08-06,120.67524719238281
2024-08-07,120.09188079833984
2024-08-08,122.86034393310547
2024-08-09,122.88011932373047
2024-08-12,122.2572250366211
2024-08-13,123.54257202148438
2024-08-14,124.04682922363281
2024-08-15,125.7177963256836
2024-08-16,125.53982543945312
2024-08-19,126.3011474609375
2024-08-20,125.95508575439453
2024-08-21,126.71641540527344
2024-08-22,126.55821228027344
2024-08-23,127.82380676269531
2024-08-26,127.68537139892578
2024-08-27,127.76447296142578
2024-08-28,127.70515441894531
2024-08-29,128.6049041748047
2024-08-30,129.979248046875
2024-09-03,127.1020278930664
2024-09-04,127.23054504394531
2024-09-05,125.74745178222656
2024-09-06,124.47198486328125
2024-09-09,126.38024139404297
2024-09-10,126.5977554321289
2024-09-11,126.82518005371094
2024-09-12,127.80401611328125
2024-09-13,129.09925842285156
2024-09-16,129.76173400878906
2024-09-17,130.47361755371094
2024-09-18,130.36485290527344
2024-09-19,132.60928344726562
2024-09-20,131.6798553466797
2024-09-23,132.56369018554688
2024-09-24,133.51597595214844
2024-09-25,132.8910369873047
2024-09-26,133.55564880371094
2024-09-27,133.74411010742188
2024-09-30,134.3491973876953
2024-10-01,134.4186248779297
2024-10-02,134.17063903808594
2024-10-03,133.48622131347656
2024-10-04,134.4186248779297
2024-10-07,134.09129333496094
2024-10-08,134.3888702392578
2024-10-09,135.58912658691406
2024-10-10,134.894775390625
2024-10-11,137.30519104003906
2024-10-14,138.12850952148438
2024-10-15,137.06712341308594
2024-10-16,138.12850952148438
2024-10-17,137.7317352294922
2024-10-18,138.1483612060547
2024-10-21,137.66229248046875
2024-10-22,135.99583435058594
2024-10-23,135.5990447998047
2024-10-24,134.66661071777344
2024-10-25,134.30950927734375
2024-10-28,134.706298828125
2024-10-29,134.52774047851562
2024-10-30,134.2996063232422
2024-10-31,132.75216674804688
2024-11-01,132.93069458007812
2024-11-04,132.78192138671875
2024-11-05,135.00389099121094
2024-11-06,140.29095458984375
2024-11-07,139.44781494140625
2024-11-08,140.9456329345703
2024-11-11,142.03677368164062
2024-11-12,140.8166961669922
2024-11-13,141.1142578125
2024-11-14,138.7335968017578
2024-11-15,137.98963928222656
2024-11-18,137.80116271972656
2024-11-19,137.68214416503906
2024-11-20,137.8309326171875
2024-11-21,139.5569305419922
2024-11-22,141.50112915039062
2024-11-25,142.3839569091797
2024-11-26,142.55259704589844
2024-11-27,142.02685546875
2024-11-29,142.83035278320312
2024-12-02,141.77886962890625
2024-12-03,140.88612365722656
2024-12-04,141.50112915039062
2024-12-05,139.78506469726562
2024-12-06,139.42796325683594
2024-12-09,138.21778869628906
2024-12-10,137.88052368164062
2024-12-11,137.56309509277344
2024-12-12,136.68026733398438
2024-12-13,136.3231658935547
2024-12-16,136.4422149658203
2024-12-17,135.1923370361328
2024-12-18,131.3733673095703
2024-12-19,131.20472717285156
2024-12-20,132.74224853515625
2024-12-23,132.7123260498047
2024-12-24,133.74916076660156
2024-12-26,133.84884643554688
2024-12-27,132.85189819335938
2024-12-30,131.51600646972656
