Date,XLK
,XLK
2017-01-03,44.60256576538086
2017-01-04,44.75798034667969
2017-01-05,44.83111572265625
2017-01-06,45.160213470458984
2017-01-09,45.15106964111328
2017-01-10,45.160213470458984
2017-01-11,45.3704719543457
2017-01-12,45.260765075683594
2017-01-13,45.39790344238281
2017-01-17,45.224205017089844
2017-01-18,45.343040466308594
2017-01-19,45.2790412902832
2017-01-20,45.52587890625
2017-01-23,45.608158111572266
2017-01-24,45.89154052734375
2017-01-25,46.330352783203125
2017-01-26,46.202362060546875
2017-01-27,46.38521194458008
2017-01-30,46.01039505004883
2017-01-31,45.78184509277344
2017-02-01,46.129241943359375
2017-02-02,46.03782653808594
2017-02-03,46.33949661254883
2017-02-06,46.366920471191406
2017-02-07,46.54975891113281
2017-02-08,46.63203048706055
2017-02-09,46.77830505371094
2017-02-10,46.91542434692383
2017-02-13,47.12568664550781
2017-02-14,47.281089782714844
2017-02-15,47.4365119934082
2017-02-16,47.54620361328125
2017-02-17,47.71076202392578
2017-02-21,47.95758056640625
2017-02-22,48.0124397277832
2017-02-23,48.00328826904297
2017-02-24,48.11298751831055
2017-02-27,48.085567474365234
2017-02-28,47.857025146484375
2017-03-01,48.533512115478516
2017-03-02,48.21355438232422
2017-03-03,48.3232536315918
2017-03-06,48.25011444091797
2017-03-07,48.25011444091797
2017-03-08,48.30498123168945
2017-03-09,48.295833587646484
2017-03-10,48.551788330078125
2017-03-13,48.59750747680664
2017-03-14,48.48781204223633
2017-03-15,48.816925048828125
2017-03-16,48.84432601928711
2017-03-17,48.949859619140625
2017-03-20,48.99574279785156
2017-03-21,48.27995681762695
2017-03-22,48.58279037475586
2017-03-23,48.45431137084961
2017-03-24,48.491031646728516
2017-03-27,48.491031646728516
2017-03-28,48.839752197265625
2017-03-29,48.92232894897461
2017-03-30,49.01410675048828
2017-03-31,48.92232894897461
2017-04-03,48.87644958496094
2017-04-04,48.913150787353516
2017-04-05,48.71126937866211
2017-04-06,48.72044372558594
2017-04-07,48.69292068481445
2017-04-10,48.601139068603516
2017-04-11,48.41758728027344
2017-04-12,48.2524299621582
2017-04-13,48.05970764160156
2017-04-17,48.500205993652344
2017-04-18,48.491031646728516
2017-04-19,48.45431137084961
2017-04-20,48.89480209350586
2017-04-21,48.793853759765625
2017-04-24,49.37202072143555
2017-04-25,49.628963470458984
2017-04-26,49.57389831542969
2017-04-27,49.775794982910156
2017-04-28,49.904266357421875
2017-05-01,50.28053283691406
2017-05-02,50.39065170288086
2017-05-03,50.298866271972656
2017-05-04,50.26217269897461
2017-05-05,50.445716857910156
2017-05-08,50.66595458984375
2017-05-09,50.730194091796875
2017-05-10,50.92291259765625
2017-05-11,50.858680725097656
2017-05-12,50.98716354370117
2017-05-15,51.271636962890625
2017-05-16,51.51023864746094
2017-05-17,50.10615921020508
2017-05-18,50.39982986450195
2017-05-19,50.693477630615234
2017-05-22,51.09727096557617
2017-05-23,51.18904113769531
2017-05-24,51.400108337402344
2017-05-25,51.76719665527344
2017-05-26,51.73965835571289
2017-05-30,51.95990753173828
2017-05-31,51.877315521240234
2017-06-01,52.00578308105469
2017-06-02,52.482994079589844
2017-06-05,52.52888870239258
2017-06-06,52.427940368652344
2017-06-07,52.59312057495117
2017-06-08,52.71242141723633
2017-06-09,51.409297943115234
2017-06-12,51.10645294189453
2017-06-13,51.4735221862793
2017-06-14,51.225746154785156
2017-06-15,50.9963264465332
2017-06-16,50.906944274902344
2017-06-19,51.66249465942383
2017-06-20,51.24787902832031
2017-06-21,51.53349304199219
2017-06-22,51.55192565917969
2017-06-23,51.874412536621094
2017-06-26,51.597999572753906
2017-06-27,50.750308990478516
2017-06-28,51.386077880859375
2017-06-29,50.464691162109375
2017-06-30,50.41862106323242
2017-07-03,50.068485260009766
2017-07-05,50.56603240966797
2017-07-06,50.1053466796875
2017-07-07,50.685813903808594
2017-07-10,51.054378509521484
2017-07-11,51.164947509765625
2017-07-12,51.82833480834961
2017-07-13,51.92969512939453
2017-07-14,52.390384674072266
2017-07-17,52.39960861206055
2017-07-18,52.63916778564453
2017-07-19,52.906368255615234
2017-07-20,53.01694107055664
2017-07-21,52.95245361328125
2017-07-24,53.08143997192383
2017-07-25,52.980079650878906
2017-07-26,53.18279266357422
2017-07-27,52.980079650878906
2017-07-28,52.924800872802734
2017-07-31,52.66682052612305
2017-08-01,52.934017181396484
2017-08-02,53.08143997192383
2017-08-03,52.96165466308594
2017-08-04,53.08143997192383
2017-08-07,53.403926849365234
2017-08-08,53.330223083496094
2017-08-09,53.302574157714844
2017-08-10,52.25217819213867
2017-08-11,52.611534118652344
2017-08-14,53.44999313354492
2017-08-15,53.53292465209961
2017-08-16,53.68955993652344
2017-08-17,52.63916778564453
2017-08-18,52.583885192871094
2017-08-21,52.56545639038086
2017-08-22,53.34865188598633
2017-08-23,53.219642639160156
2017-08-24,53.173580169677734
2017-08-25,53.16437530517578
2017-08-28,53.26572036743164
2017-08-29,53.49607467651367
2017-08-30,53.883056640625
2017-08-31,54.20552444458008
2017-09-01,54.15947723388672
2017-09-05,53.68033981323242
2017-09-06,53.726417541503906
2017-09-07,53.91069412231445
2017-09-08,53.46841812133789
2017-09-11,54.22396469116211
2017-09-12,54.35297393798828
2017-09-13,54.27925491333008
2017-09-14,54.09496307373047
2017-09-15,54.315982818603516
2017-09-18,54.36220169067383
2017-09-19,54.60262680053711
2017-09-20,54.380706787109375
2017-09-21,54.08479690551758
2017-09-22,54.11254119873047
2017-09-25,53.474510192871094
2017-09-26,53.66868591308594
2017-09-27,54.214256286621094
2017-09-28,54.27898025512695
2017-09-29,54.64884948730469
2017-10-02,54.732086181640625
2017-10-03,54.86153030395508
2017-10-04,54.824546813964844
2017-10-05,55.35162353515625
2017-10-06,55.43482971191406
2017-10-09,55.573551177978516
2017-10-10,55.6290283203125
2017-10-11,55.813968658447266
2017-10-12,55.67526626586914
2017-10-13,55.94342041015625
2017-10-16,56.1468505859375
2017-10-17,56.1468505859375
2017-10-18,56.285545349121094
2017-10-19,56.119102478027344
2017-10-20,56.498226165771484
2017-10-23,56.23006820678711
2017-10-24,56.38726806640625
2017-10-25,56.08211898803711
2017-10-26,56.313297271728516
2017-10-27,57.82977294921875
2017-10-30,57.9592399597168
2017-10-31,58.208892822265625
2017-11-01,58.2181396484375
2017-11-02,58.245880126953125
2017-11-03,58.70822525024414
2017-11-06,58.837684631347656
2017-11-07,58.86542892456055
2017-11-08,59.18906021118164
2017-11-09,58.71747589111328
2017-11-10,58.71747589111328
2017-11-13,58.698978424072266
2017-11-14,58.578773498535156
2017-11-15,58.144168853759766
2017-11-16,58.9578857421875
2017-11-17,58.578773498535156
2017-11-20,58.800689697265625
2017-11-21,59.42023468017578
2017-11-22,59.30926513671875
2017-11-24,59.64214324951172
2017-11-27,59.64214324951172
2017-11-28,59.83634567260742
2017-11-29,58.514034271240234
2017-11-30,59.031864166259766
2017-12-01,58.726715087890625
2017-12-04,57.783546447753906
2017-12-05,57.80203628540039
2017-12-06,58.17190933227539
2017-12-07,58.53253173828125
2017-12-08,58.80994415283203
2017-12-11,59.31850814819336
2017-12-12,59.30002212524414
2017-12-13,59.31850814819336
2017-12-14,59.24454879760742
2017-12-15,59.92022705078125
2017-12-18,60.44925308227539
2017-12-19,60.07801055908203
2017-12-20,60.059444427490234
2017-12-21,59.93878173828125
2017-12-22,59.901676177978516
2017-12-26,59.5025520324707
2017-12-27,59.56752395629883
2017-12-28,59.669620513916016
2017-12-29,59.35405731201172
2018-01-02,60.08727264404297
2018-01-03,60.588478088378906
2018-01-04,60.89475631713867
2018-01-05,61.535194396972656
2018-01-08,61.76721954345703
2018-01-09,61.609413146972656
2018-01-10,61.395957946777344
2018-01-11,61.64654541015625
2018-01-12,62.00851058959961
2018-01-16,61.76721954345703
2018-01-17,62.69532775878906
2018-01-18,62.80670166015625
2018-01-19,62.9273796081543
2018-01-22,63.539939880371094
2018-01-23,63.818389892578125
2018-01-24,63.32647705078125
2018-01-25,63.21510314941406
2018-01-26,64.21745300292969
2018-01-29,63.63274002075195
2018-01-30,63.057315826416016
2018-01-31,63.530643463134766
2018-02-01,63.58636474609375
2018-02-02,61.70224380493164
2018-02-05,59.12203598022461
2018-02-06,60.82051467895508
2018-02-07,60.04088592529297
2018-02-08,57.55347442626953
2018-02-09,58.96424102783203
2018-02-12,60.02231216430664
2018-02-13,60.17081832885742
2018-02-14,61.275306701660156
2018-02-15,62.44475173950195
2018-02-16,62.351924896240234
2018-02-20,62.4076042175293
2018-02-21,62.00851058959961
2018-02-22,62.08275604248047
2018-02-23,63.382171630859375
2018-02-26,64.3752670288086
2018-02-27,63.72554397583008
2018-02-28,63.27076721191406
2018-03-01,62.22200012207031
2018-03-02,62.815982818603516
2018-03-05,63.45640563964844
2018-03-06,63.59561538696289
2018-03-07,63.94832992553711
2018-03-08,64.22676086425781
2018-03-09,65.44261932373047
2018-03-12,65.64678955078125
2018-03-13,64.89501953125
2018-03-14,64.83932495117188
2018-03-15,64.87645721435547
2018-03-16,64.80941009521484
2018-03-19,63.52458572387695
2018-03-20,63.49664306640625
2018-03-21,63.114933013916016
2018-03-22,61.48561096191406
2018-03-23,59.84699630737305
2018-03-26,62.11872863769531
2018-03-27,60.126304626464844
2018-03-28,59.72595977783203
2018-03-29,60.90835952758789
2018-04-02,59.455963134765625
2018-04-03,60.04251480102539
2018-04-04,60.88045120239258
2018-04-05,61.1318244934082
2018-04-06,59.63285827636719
2018-04-09,60.09838104248047
2018-04-10,61.578712463378906
2018-04-11,61.21562194824219
2018-04-12,61.95114517211914
2018-04-13,61.74631118774414
2018-04-16,62.221134185791016
2018-04-17,63.375614166259766
2018-04-18,63.208038330078125
2018-04-19,62.50974655151367
2018-04-20,61.643890380859375
2018-04-23,61.420448303222656
2018-04-24,60.34974670410156
2018-04-25,60.35906982421875
2018-04-26,61.45769500732422
2018-04-27,61.34595489501953
2018-04-30,60.945613861083984
2018-05-01,61.709068298339844
2018-05-02,61.643890380859375
2018-05-03,61.78355407714844
2018-05-04,62.956668853759766
2018-05-07,63.39419937133789
2018-05-08,63.53390121459961
2018-05-09,64.31597900390625
2018-05-10,65.15389251708984
2018-05-11,65.06079864501953
2018-05-14,65.05147552490234
2018-05-15,64.43700408935547
2018-05-16,64.72562408447266
2018-05-17,64.3904800415039
2018-05-18,64.12044525146484
2018-05-21,64.67906188964844
2018-05-22,64.58596801757812
2018-05-23,65.06079864501953
2018-05-24,64.98631286621094
2018-05-25,64.93977355957031
2018-05-29,64.58596801757812
2018-05-30,65.06079864501953
2018-05-31,65.07942962646484
2018-06-01,66.18733215332031
2018-06-04,66.71803283691406
2018-06-05,66.95079803466797
2018-06-06,67.38837432861328
2018-06-07,66.8483657836914
2018-06-08,66.73665618896484
2018-06-11,66.8111343383789
2018-06-12,67.13701629638672
2018-06-13,66.79251861572266
2018-06-14,67.267333984375
2018-06-15,67.01041412353516
2018-06-18,67.08514404296875
2018-06-19,66.73944854736328
2018-06-20,66.87960815429688
2018-06-21,66.36573028564453
2018-06-22,66.15084075927734
2018-06-25,64.77735900878906
2018-06-26,65.03897857666016
2018-06-27,64.15135192871094
2018-06-28,64.93621063232422
2018-06-29,64.90815734863281
2018-07-02,65.48743438720703
2018-07-03,64.71195220947266
2018-07-05,65.62759399414062
2018-07-06,66.39374542236328
2018-07-09,66.89827728271484
2018-07-10,67.05712127685547
2018-07-11,66.7955093383789
2018-07-12,67.851318359375
2018-07-13,67.77657318115234
2018-07-16,67.61771392822266
2018-07-17,68.12226104736328
2018-07-18,68.01016235351562
2018-07-19,67.76719665527344
2018-07-20,67.785888671875
2018-07-23,68.1316146850586
2018-07-24,68.50531005859375
2018-07-25,69.36491394042969
2018-07-26,68.29977416992188
2018-07-27,67.13188171386719
2018-07-30,66.08541870117188
2018-07-31,66.26293182373047
2018-08-01,66.86092376708984
2018-08-02,67.70183563232422
2018-08-03,67.94474792480469
2018-08-06,68.30914306640625
2018-08-07,68.57073211669922
2018-08-08,68.75762939453125
2018-08-09,68.78564453125
2018-08-10,68.23439025878906
2018-08-13,68.14094543457031
2018-08-14,68.56138610839844
2018-08-15,67.94474792480469
2018-08-16,68.24371337890625
2018-08-17,68.34649658203125
2018-08-20,68.24371337890625
2018-08-21,68.35581970214844
2018-08-22,68.56138610839844
2018-08-23,68.71088409423828
2018-08-24,69.40230560302734
2018-08-27,70.03764343261719
2018-08-28,70.15913391113281
2018-08-29,70.79446411132812
2018-08-30,70.5795669555664
2018-08-31,70.6356201171875
2018-09-04,70.36466979980469
2018-09-05,69.48641967773438
2018-09-06,68.98184967041016
2018-09-07,68.748291015625
2018-09-10,68.96317291259766
2018-09-11,69.55179595947266
2018-09-12,69.26214599609375
2018-09-13,70.07503509521484
2018-09-14,70.01895904541016
2018-09-17,69.14070129394531
2018-09-18,69.57981872558594
2018-09-19,69.40230560302734
2018-09-20,70.2245101928711
2018-09-21,69.94700622558594
2018-09-24,70.29388427734375
2018-09-25,70.20951843261719
2018-09-26,69.94700622558594
2018-09-27,70.35951232910156
2018-09-28,70.62200927734375
2018-10-01,70.95953369140625
2018-10-02,70.96887969970703
2018-10-03,71.18452453613281
2018-10-04,69.90015411376953
2018-10-05,69.0188980102539
2018-10-08,68.24077606201172
2018-10-09,68.4844970703125
2018-10-10,65.16575622558594
2018-10-11,64.34075927734375
2018-10-12,66.40324401855469
2018-10-15,65.31576538085938
2018-10-16,67.28450775146484
2018-10-17,66.97512817382812
2018-10-18,65.66259765625
2018-10-19,65.63450622558594
2018-10-22,66.17823791503906
2018-10-23,65.92513275146484
2018-10-24,62.972007751464844
2018-10-25,65.13763427734375
2018-10-26,63.83446502685547
2018-10-29,62.75637435913086
2018-10-30,63.459510803222656
2018-10-31,64.9688949584961
2018-11-01,65.72825622558594
2018-11-02,64.44387817382812
2018-11-05,64.3782730102539
2018-11-06,64.78138732910156
2018-11-07,66.68447875976562
2018-11-08,66.62826538085938
2018-11-09,65.47514343261719
2018-11-12,63.168880462646484
2018-11-13,63.24387741088867
2018-11-14,62.48450469970703
2018-11-15,64.05013275146484
2018-11-16,63.94701385498047
2018-11-19,61.50949478149414
2018-11-20,60.187618255615234
2018-11-21,60.62824249267578
2018-11-23,60.075130462646484
2018-11-26,61.43450164794922
2018-11-27,61.5563850402832
2018-11-28,63.71263885498047
2018-11-29,63.093868255615234
2018-11-30,63.69389724731445
2018-12-03,65.10015869140625
2018-12-04,62.634498596191406
2018-12-06,62.775123596191406
2018-12-07,60.562618255615234
2018-12-10,61.39700698852539
2018-12-11,61.471988677978516
2018-12-12,61.95011901855469
2018-12-13,62.053245544433594
2018-12-14,60.53449249267578
2018-12-17,59.250125885009766
2018-12-18,59.7188720703125
2018-12-19,58.53761291503906
2018-12-20,57.48761749267578
2018-12-21,55.74100112915039
2018-12-24,54.25331115722656
2018-12-26,57.52997970581055
2018-12-27,57.94428634643555
2018-12-28,57.81246566772461
2018-12-31,58.35857391357422
2019-01-02,58.39623260498047
2019-01-03,55.44910430908203
2019-01-04,57.906620025634766
2019-01-07,58.424476623535156
2019-01-08,58.914093017578125
2019-01-09,59.67677307128906
2019-01-10,59.94042205810547
2019-01-11,59.827430725097656
2019-01-14,59.27190017700195
2019-01-15,60.16638946533203
2019-01-16,60.22287368774414
2019-01-17,60.60893630981445
2019-01-18,61.53167724609375
2019-01-22,60.49593734741211
2019-01-23,60.70307540893555
2019-01-24,61.21152877807617
2019-01-25,62.07778549194336
2019-01-28,61.24918746948242
2019-01-29,60.590087890625
2019-01-30,62.473236083984375
2019-01-31,62.407318115234375
2019-02-01,62.77452850341797
2019-02-04,63.78202438354492
2019-02-05,64.3187026977539
2019-02-06,64.5352783203125
2019-02-07,63.650203704833984
2019-02-08,64.01741790771484
2019-02-11,63.98918151855469
2019-02-12,64.8365707397461
2019-02-13,64.92130279541016
2019-02-14,65.03431701660156
2019-02-15,65.55217742919922
2019-02-19,65.57099914550781
2019-02-20,65.64633178710938
2019-02-21,65.67459106445312
2019-02-22,66.5125732421875
2019-02-25,66.83271026611328
2019-02-26,66.97392272949219
2019-02-27,66.90802001953125
2019-02-28,66.7197265625
2019-03-01,67.1716537475586
2019-03-04,66.91744995117188
2019-03-05,66.7197265625
2019-03-06,66.37133026123047
2019-03-07,65.74049377441406
2019-03-08,65.73104095458984
2019-03-11,67.14342498779297
2019-03-12,67.53887939453125
2019-03-13,67.9814224243164
2019-03-14,68.12265014648438
2019-03-15,68.9472885131836
2019-03-18,69.2401351928711
2019-03-19,69.38180541992188
2019-03-20,69.19290161132812
2019-03-21,70.93099975585938
2019-03-22,69.25901794433594
2019-03-25,68.9567642211914
2019-03-26,69.33458709716797
2019-03-27,68.93785858154297
2019-03-28,69.22124481201172
2019-03-29,69.90135955810547
2019-04-01,70.85540771484375
2019-04-02,71.10102081298828
2019-04-03,71.6772232055664
2019-04-04,71.37493896484375
2019-04-05,71.71501922607422
2019-04-08,71.98896026611328
2019-04-09,71.64888763427734
2019-04-10,72.1495590209961
2019-04-11,72.05508422851562
2019-04-12,72.55573272705078
2019-04-15,72.52738189697266
2019-04-16,72.89578247070312
2019-04-17,73.30197143554688
2019-04-18,73.509765625
2019-04-22,73.67981719970703
2019-04-23,74.48271942138672
2019-04-24,74.51107788085938
2019-04-25,74.4921875
2019-04-26,74.20879364013672
2019-04-29,74.2276840209961
2019-04-30,74.3504867553711
2019-05-01,74.16157531738281
2019-05-02,73.77427673339844
2019-05-03,74.47328186035156
2019-05-06,73.89708709716797
2019-05-07,72.31014251708984
2019-05-08,72.2251205444336
2019-05-09,71.73392486572266
2019-05-10,71.96061706542969
2019-05-13,69.24958038330078
2019-05-14,70.36421966552734
2019-05-15,71.12935638427734
2019-05-16,71.7811279296875
2019-05-17,71.20494079589844
2019-05-20,69.96749114990234
2019-05-21,70.82708740234375
2019-05-22,70.45866394042969
2019-05-23,69.22124481201172
2019-05-24,69.2401351928711
2019-05-28,69.04175567626953
2019-05-29,68.6355972290039
2019-05-30,69.06065368652344
2019-05-31,67.90823364257812
2019-06-03,66.71802520751953
2019-06-04,68.9472885131836
2019-06-05,69.84468841552734
2019-06-06,70.65707397460938
2019-06-07,71.97005462646484
2019-06-10,72.70687866210938
2019-06-11,72.70687866210938
2019-06-12,72.30068969726562
2019-06-13,72.5179443359375
2019-06-14,71.88506317138672
2019-06-17,71.94169616699219
2019-06-18,73.24528503417969
2019-06-19,73.509765625
2019-06-20,74.58663940429688
2019-06-21,74.2340087890625
2019-06-24,74.37620544433594
2019-06-25,73.01116180419922
2019-06-26,73.79795837402344
2019-06-27,73.987548828125
2019-06-28,73.9780502319336
2019-07-01,75.15350341796875
2019-07-02,75.35260009765625
2019-07-03,75.93084716796875
2019-07-05,75.78864288330078
2019-07-08,75.21039581298828
2019-07-09,75.475830078125
2019-07-10,76.07303619384766
2019-07-11,76.35742950439453
2019-07-12,76.91670989990234
2019-07-15,77.17266845703125
2019-07-16,76.45222473144531
2019-07-17,76.25314331054688
2019-07-18,76.8219223022461
2019-07-19,76.49012756347656
2019-07-22,77.3717269897461
2019-07-23,77.79830932617188
2019-07-24,78.4428939819336
2019-07-25,78.12059783935547
2019-07-26,78.291259765625
2019-07-29,78.24383544921875
2019-07-30,77.7414321899414
2019-07-31,76.56595611572266
2019-08-01,76.17733001708984
2019-08-02,74.93548583984375
2019-08-05,71.80725860595703
2019-08-06,73.00167083740234
2019-08-07,73.45668029785156
2019-08-08,75.2577896118164
2019-08-09,74.4046401977539
2019-08-12,73.4282455444336
2019-08-13,75.26726531982422
2019-08-14,72.95427703857422
2019-08-15,72.8215560913086
2019-08-16,74.20557403564453
2019-08-19,75.33363342285156
2019-08-20,74.95445251464844
2019-08-21,75.83604431152344
2019-08-22,75.65593719482422
2019-08-23,73.15333557128906
2019-08-26,74.16766357421875
2019-08-27,74.05388641357422
2019-08-28,74.1202621459961
2019-08-29,75.40946960449219
2019-08-30,75.39048767089844
2019-09-03,74.47099304199219
2019-09-04,75.74124908447266
2019-09-05,77.32433319091797
2019-09-06,77.25797271728516
2019-09-09,76.67971801757812
2019-09-10,76.29106903076172
2019-09-11,77.08734893798828
2019-09-12,77.50443267822266
2019-09-13,76.9356689453125
2019-09-16,76.7460708618164
2019-09-17,77.05891418457031
2019-09-18,77.04943084716797
2019-09-19,77.22005462646484
2019-09-20,76.31954193115234
2019-09-23,76.55728149414062
2019-09-24,75.81558227539062
2019-09-25,76.71894073486328
2019-09-26,76.80449676513672
2019-09-27,75.77753448486328
2019-09-30,76.5762939453125
2019-10-01,75.86312866210938
2019-10-02,74.4367446899414
2019-10-03,75.34963989257812
2019-10-04,76.5953140258789
2019-10-07,76.27200317382812
2019-10-08,74.87418365478516
2019-10-09,75.98674011230469
2019-10-10,76.50972747802734
2019-10-11,77.56522369384766
2019-10-14,77.51769256591797
2019-10-15,78.37349700927734
2019-10-16,77.83148193359375
2019-10-17,77.67933654785156
2019-10-18,76.93762969970703
2019-10-21,77.76492309570312
2019-10-22,76.71894073486328
2019-10-23,76.78548431396484
2019-10-24,77.90756225585938
2019-10-25,78.84894561767578
2019-10-28,79.847412109375
2019-10-29,79.12471771240234
2019-10-30,79.60967254638672
2019-10-31,79.56211853027344
2019-11-01,80.51305389404297
2019-11-04,80.93141174316406
2019-11-05,80.83634185791016
2019-11-06,80.79832458496094
2019-11-07,81.43541717529297
2019-11-08,81.89185333251953
2019-11-11,81.92988586425781
2019-11-12,82.20562744140625
2019-11-13,82.38631439208984
2019-11-14,82.29122924804688
2019-11-15,82.95685577392578
2019-11-18,83.20408630371094
2019-11-19,83.36575317382812
2019-11-20,82.86175537109375
2019-11-21,82.44335174560547
2019-11-22,82.3387680053711
2019-11-25,83.53691101074219
2019-11-26,83.61297607421875
2019-11-27,84.07891082763672
2019-11-29,83.8316879272461
2019-12-02,82.63355255126953
2019-12-03,81.9013671875
2019-12-04,82.23416900634766
2019-12-05,82.53845977783203
2019-12-06,83.45133209228516
2019-12-09,83.01390075683594
2019-12-10,83.08048248291016
2019-12-11,83.64149475097656
2019-12-12,84.53534698486328
2019-12-13,85.09638214111328
2019-12-16,85.85711669921875
2019-12-17,85.6574478149414
2019-12-18,85.6479263305664
2019-12-19,86.2659912109375
2019-12-20,86.76686096191406
2019-12-23,87.0149154663086
2019-12-24,87.04351806640625
2019-12-26,87.6922378540039
2019-12-27,87.6827163696289
2019-12-30,87.17708587646484
2019-12-31,87.4537353515625
2020-01-02,89.0946273803711
2020-01-03,88.09290313720703
2020-01-06,88.30279541015625
2020-01-07,88.2646484375
2020-01-08,89.20912170410156
2020-01-09,90.2203598022461
2020-01-10,90.01045989990234
2020-01-13,91.1362075805664
2020-01-14,90.7069091796875
2020-01-15,90.81182098388672
2020-01-16,92.03297424316406
2020-01-17,92.65309143066406
2020-01-21,92.61492156982422
2020-01-22,92.94880676269531
2020-01-23,93.38768005371094
2020-01-24,92.94880676269531
2020-01-27,90.73553466796875
2020-01-28,92.47180938720703
2020-01-29,92.71029663085938
2020-01-30,93.51166534423828
2020-01-31,90.9454345703125
2020-02-03,92.14744567871094
2020-02-04,94.56108856201172
2020-02-05,95.11441040039062
2020-02-06,95.98255157470703
2020-02-07,95.1048812866211
2020-02-10,96.39276123046875
2020-02-11,96.06841278076172
2020-02-12,97.10829162597656
2020-02-13,96.85071563720703
2020-02-14,97.27046203613281
2020-02-18,96.90795135498047
2020-02-19,98.06230163574219
2020-02-20,97.04149627685547
2020-02-21,94.86637878417969
2020-02-24,90.9454345703125
2020-02-25,88.03567504882812
2020-02-26,88.43637084960938
2020-02-27,83.66635131835938
2020-02-28,84.30553436279297
2020-03-02,89.18049621582031
2020-03-03,85.79376983642578
2020-03-04,89.47625732421875
2020-03-05,86.6523666381836
2020-03-06,84.82068634033203
2020-03-09,78.38114929199219
2020-03-10,83.60910034179688
2020-03-11,79.65953063964844
2020-03-12,71.88435363769531
2020-03-13,80.31777954101562
2020-03-16,69.22268676757812
2020-03-17,73.93546295166016
2020-03-18,71.1497802734375
2020-03-19,71.40735626220703
2020-03-20,68.13511657714844
2020-03-23,67.51273345947266
2020-03-24,74.42703247070312
2020-03-25,74.33113098144531
2020-03-26,78.93427276611328
2020-03-27,75.36683654785156
2020-03-30,78.54108428955078
2020-03-31,77.07384490966797
2020-04-01,73.40091705322266
2020-04-02,75.11750793457031
2020-04-03,73.9571304321289
2020-04-06,80.26726531982422
2020-04-07,79.54801940917969
2020-04-08,81.68657684326172
2020-04-09,81.70575714111328
2020-04-13,81.8879623413086
2020-04-14,85.32112121582031
2020-04-15,83.46070861816406
2020-04-16,84.47723388671875
2020-04-17,85.59923553466797
2020-04-20,84.22789001464844
2020-04-21,80.6988296508789
2020-04-22,83.80592346191406
2020-04-23,83.23054504394531
2020-04-24,84.99506378173828
2020-04-27,85.72391510009766
2020-04-28,84.58271789550781
2020-04-29,88.05425262451172
2020-04-30,87.66107177734375
2020-05-01,85.25399780273438
2020-05-04,86.38561248779297
2020-05-05,87.57475280761719
2020-05-06,88.25564575195312
2020-05-07,89.57904815673828
2020-05-08,90.89285278320312
2020-05-11,91.49703216552734
2020-05-12,89.60783386230469
2020-05-13,88.06383514404297
2020-05-14,89.18584442138672
2020-05-15,89.63658905029297
2020-05-18,91.83267211914062
2020-05-19,91.49703216552734
2020-05-20,93.50128936767578
2020-05-21,92.19708251953125
2020-05-22,92.53273010253906
2020-05-26,92.43682861328125
2020-05-27,92.9642562866211
2020-05-28,92.78206634521484
2020-05-29,93.9520492553711
2020-06-01,93.92325592041016
2020-06-02,94.80551147460938
2020-06-03,95.54393768310547
2020-06-04,94.75756072998047
2020-06-05,97.2509536743164
2020-06-08,97.74002838134766
2020-06-09,98.20033264160156
2020-06-10,99.84020233154297
2020-06-11,94.11503601074219
2020-06-12,95.33297729492188
2020-06-15,96.25359344482422
2020-06-16,98.30582427978516
2020-06-17,98.28663635253906
2020-06-18,98.72776794433594
2020-06-19,98.04691314697266
2020-06-22,99.89420318603516
2020-06-23,100.61540985107422
2020-06-24,98.3459701538086
2020-06-25,99.605712890625
2020-06-26,97.64398193359375
2020-06-29,98.71138763427734
2020-06-30,100.48078155517578
2020-07-01,100.64427185058594
2020-07-02,101.23086547851562
2020-07-06,103.0002670288086
2020-07-07,101.92323303222656
2020-07-08,103.58684539794922
2020-07-09,103.96188354492188
2020-07-10,103.93305206298828
2020-07-13,101.77898406982422
2020-07-14,102.9521713256836
2020-07-15,103.50991821289062
2020-07-16,102.23094940185547
2020-07-17,102.73098754882812
2020-07-20,105.35625457763672
2020-07-21,104.29844665527344
2020-07-22,105.13510131835938
2020-07-23,102.40403747558594
2020-07-24,101.1635513305664
2020-07-27,102.75984954833984
2020-07-28,101.55782318115234
2020-07-29,103.02909851074219
2020-07-30,103.60608673095703
2020-07-31,106.19285583496094
2020-08-03,108.80851745605469
2020-08-04,109.0873794555664
2020-08-05,109.49126434326172
2020-08-06,111.02987670898438
2020-08-07,109.3758544921875
2020-08-10,109.06814575195312
2020-08-11,107.10643005371094
2020-08-12,109.53934478759766
2020-08-13,109.58744049072266
2020-08-14,109.51048278808594
2020-08-17,110.24134063720703
2020-08-18,110.65482330322266
2020-08-19,110.52021789550781
2020-08-20,111.99150848388672
2020-08-21,113.41473388671875
2020-08-24,114.39557647705078
2020-08-25,114.97254180908203
2020-08-26,117.309326171875
2020-08-27,117.40548706054688
2020-08-28,118.4344253540039
2020-08-31,118.8094711303711
2020-09-01,121.07891845703125
2020-09-02,122.15592193603516
2020-09-03,115.1937255859375
2020-09-04,113.58781433105469
2020-09-08,108.45269775390625
2020-09-09,111.99150848388672
2020-09-10,109.46241760253906
2020-09-11,108.62580871582031
2020-09-14,110.90485382080078
2020-09-15,112.0011215209961
2020-09-16,110.27020263671875
2020-09-17,109.35663604736328
2020-09-18,107.47187042236328
2020-09-21,108.36524963378906
2020-09-22,110.08074951171875
2020-09-23,106.6497573852539
2020-09-24,107.24728393554688
2020-09-25,109.81089782714844
2020-09-28,111.9118881225586
2020-09-29,111.53602600097656
2020-09-30,112.47086334228516
2020-10-01,113.65628051757812
2020-10-02,110.77465057373047
2020-10-05,113.20333862304688
2020-10-06,111.44928741455078
2020-10-07,113.49246978759766
2020-10-08,114.08038330078125
2020-10-09,115.82474517822266
2020-10-12,118.98590087890625
2020-10-13,118.22450256347656
2020-10-14,117.59808349609375
2020-10-15,117.06800079345703
2020-10-16,116.73069763183594
2020-10-19,114.59112548828125
2020-10-20,114.98628234863281
2020-10-21,114.81280517578125
2020-10-22,114.27307891845703
2020-10-23,114.14783477783203
2020-10-26,111.67094421386719
2020-10-27,112.22994232177734
2020-10-28,107.46895599365234
2020-10-29,109.26155853271484
2020-10-30,106.84249877929688
2020-11-02,107.11235046386719
2020-11-03,109.0013427734375
2020-11-04,113.24187469482422
2020-11-05,116.75959777832031
2020-11-06,117.17401885986328
2020-11-09,116.32592010498047
2020-11-10,114.15744018554688
2020-11-11,116.86563873291016
2020-11-12,115.82474517822266
2020-11-13,116.80779266357422
2020-11-16,117.93539428710938
2020-11-17,117.280029296875
2020-11-18,116.02714538574219
2020-11-19,116.96199035644531
2020-11-20,115.75728607177734
2020-11-23,115.72837829589844
2020-11-24,117.33785247802734
2020-11-25,117.58843231201172
2020-11-27,118.21487426757812
2020-11-30,119.00517272949219
2020-12-01,120.52791595458984
2020-12-02,120.34480285644531
2020-12-03,120.2676773071289
2020-12-04,121.47240447998047
2020-12-07,121.81935119628906
2020-12-08,122.2144775390625
2020-12-09,119.87254333496094
2020-12-10,120.04602813720703
2020-12-11,119.79544067382812
2020-12-14,120.22915649414062
2020-12-15,122.2337646484375
2020-12-16,123.06259155273438
2020-12-17,124.0360107421875
2020-12-18,123.602294921875
2020-12-21,123.7259521484375
2020-12-22,124.79820251464844
2020-12-23,123.85152435302734
2020-12-24,124.6726303100586
2020-12-28,126.0830078125
2020-12-29,125.48406982421875
2020-12-30,125.41643524169922
2020-12-31,125.5999984741211
2021-01-04,123.55206298828125
2021-01-05,124.35384368896484
2021-01-06,122.2093276977539
2021-01-07,125.50338745117188
2021-01-08,126.31481170654297
2021-01-11,125.27153778076172
2021-01-12,124.6726303100586
2021-01-13,125.46473693847656
2021-01-14,124.36354064941406
2021-01-15,123.08839416503906
2021-01-19,124.69196319580078
2021-01-20,127.16492462158203
2021-01-21,128.80714416503906
2021-01-22,128.31448364257812
2021-01-25,129.38674926757812
2021-01-26,129.4736785888672
2021-01-27,127.02967834472656
2021-01-28,127.55130767822266
2021-01-29,124.54704284667969
2021-02-01,127.667236328125
2021-02-02,129.3964080810547
2021-02-03,128.95205688476562
2021-02-04,131.00962829589844
2021-02-05,130.71981811523438
2021-02-08,132.09156799316406
2021-02-09,131.93702697753906
2021-02-10,131.7438201904297
2021-02-11,133.19281005859375
2021-02-12,133.87867736816406
2021-02-16,133.4439697265625
2021-02-17,132.26541137695312
2021-02-18,131.61822509765625
2021-02-19,131.4250030517578
2021-02-22,128.52700805664062
2021-02-23,128.16957092285156
2021-02-24,130.1305694580078
2021-02-25,125.58069610595703
2021-02-26,126.2472152709961
2021-03-01,130.31407165527344
2021-03-02,128.24681091308594
2021-03-03,125.0204086303711
2021-03-04,122.25761413574219
2021-03-05,124.56636810302734
2021-03-08,121.55245208740234
2021-03-09,125.68692779541016
2021-03-10,125.18460083007812
2021-03-11,127.8604507446289
2021-03-12,126.94273376464844
2021-03-15,128.29515075683594
2021-03-16,129.26116943359375
2021-03-17,129.15492248535156
2021-03-18,125.57100677490234
2021-03-19,125.19426727294922
2021-03-22,127.65605163574219
2021-03-23,126.8622055053711
2021-03-24,125.32303619384766
2021-03-25,125.24559783935547
2021-03-26,128.43045043945312
2021-03-29,127.76249694824219
2021-03-30,126.55241394042969
2021-03-31,128.56597900390625
2021-04-01,131.150634765625
2021-04-05,133.86117553710938
2021-04-06,133.2900390625
2021-04-07,133.9967041015625
2021-04-08,135.93280029296875
2021-04-09,137.23965454101562
2021-04-12,136.5813751220703
2021-04-13,137.86891174316406
2021-04-14,136.4071044921875
2021-04-15,138.7498016357422
2021-04-16,138.7207489013672
2021-04-19,137.56881713867188
2021-04-20,136.3490753173828
2021-04-21,137.72369384765625
2021-04-22,136.10708618164062
2021-04-23,138.13995361328125
2021-04-26,138.84661865234375
2021-04-27,138.5077667236328
2021-04-28,137.22032165527344
2021-04-29,137.1041259765625
2021-04-30,135.23580932617188
2021-05-03,134.85826110839844
2021-05-04,132.4381561279297
2021-05-05,132.11866760253906
2021-05-06,133.4449462890625
2021-05-07,134.5872344970703
2021-05-10,131.18939208984375
2021-05-11,130.79246520996094
2021-05-12,127.1139144897461
2021-05-13,128.79837036132812
2021-05-14,131.63470458984375
2021-05-17,130.66664123535156
2021-05-18,129.6211395263672
2021-05-19,130.0760955810547
2021-05-20,132.56399536132812
2021-05-21,131.83795166015625
2021-05-24,134.18064880371094
2021-05-25,134.21934509277344
2021-05-26,134.20968627929688
2021-05-27,133.50302124023438
2021-05-28,133.97732543945312
2021-06-01,133.31906127929688
2021-06-02,134.2387237548828
2021-06-03,132.98995971679688
2021-06-04,135.5455780029297
2021-06-07,135.5165557861328
2021-06-08,135.52621459960938
2021-06-09,135.623046875
2021-06-10,136.62008666992188
2021-06-11,137.43325805664062
2021-06-14,138.82728576660156
2021-06-15,137.97537231445312
2021-06-16,137.22998046875
2021-06-17,138.81756591796875
2021-06-18,137.5494384765625
2021-06-21,139.02357482910156
2021-06-22,140.2843017578125
2021-06-23,140.129150390625
2021-06-24,141.0116424560547
2021-06-25,140.8468017578125
2021-06-28,142.32093811035156
2021-06-29,143.35862731933594
2021-06-30,143.20346069335938
2021-07-01,143.44589233398438
2021-07-02,145.33706665039062
2021-07-06,145.88987731933594
2021-07-07,146.68511962890625
2021-07-08,145.29830932617188
2021-07-09,146.63662719726562
2021-07-12,146.75302124023438
2021-07-13,147.35430908203125
2021-07-14,148.4405059814453
2021-07-15,147.218505859375
2021-07-16,145.76377868652344
2021-07-19,143.75628662109375
2021-07-20,145.88987731933594
2021-07-21,147.29608154296875
2021-07-22,148.38232421875
2021-07-23,149.8564453125
2021-07-26,149.77886962890625
2021-07-27,148.36293029785156
2021-07-28,148.17864990234375
2021-07-29,148.86721801757812
2021-07-30,148.7702178955078
2021-08-02,148.23684692382812
2021-08-03,149.187255859375
2021-08-04,149.48789978027344
2021-08-05,150.3122100830078
2021-08-06,150.18618774414062
2021-08-09,149.70126342773438
2021-08-10,148.62474060058594
2021-08-11,148.64414978027344
2021-08-12,149.4976043701172
2021-08-13,150.3122100830078
2021-08-16,150.99111938476562
2021-08-17,149.74002075195312
2021-08-18,147.6743621826172
2021-08-19,149.11936950683594
2021-08-20,151.03958129882812
2021-08-23,152.98892211914062
2021-08-24,152.81439208984375
2021-08-25,152.72706604003906
2021-08-26,151.76698303222656
2021-08-27,153.23138427734375
2021-08-30,154.8800811767578
2021-08-31,154.06544494628906
2021-09-01,154.10418701171875
2021-09-02,153.9393768310547
2021-09-03,154.55035400390625
2021-09-07,154.58917236328125
2021-09-08,153.99752807617188
2021-09-09,153.4156494140625
2021-09-10,151.9027557373047
2021-09-13,151.9512481689453
2021-09-14,151.7572479248047
2021-09-15,153.08595275878906
2021-09-16,153.17320251464844
2021-09-17,150.78750610351562
2021-09-20,148.04092407226562
2021-09-21,148.09921264648438
2021-09-22,150.12973022460938
2021-09-23,152.14080810546875
2021-09-24,152.24765014648438
2021-09-27,150.7709197998047
2021-09-28,146.30194091796875
2021-09-29,146.11734008789062
2021-09-30,145.06808471679688
2021-10-01,147.2540283203125
2021-10-04,143.8439483642578
2021-10-05,145.89389038085938
2021-10-06,146.84596252441406
2021-10-07,148.18667602539062
2021-10-08,147.6329345703125
2021-10-11,146.81683349609375
2021-10-12,146.0590362548828
2021-10-13,146.9528350830078
2021-10-14,150.26576232910156
2021-10-15,151.47047424316406
2021-10-18,152.75283813476562
2021-10-19,154.26840209960938
2021-10-20,153.8409423828125
2021-10-21,154.43357849121094
2021-10-22,153.89926147460938
2021-10-25,154.4044189453125
2021-10-26,154.8416290283203
2021-10-27,154.70562744140625
2021-10-28,156.26002502441406
2021-10-29,156.930419921875
2021-11-01,156.697265625
2021-11-02,158.07681274414062
2021-11-03,158.999755859375
2021-11-04,161.4868621826172
2021-11-05,162.32237243652344
2021-11-08,163.19674682617188
2021-11-09,162.52639770507812
2021-11-10,159.844970703125
2021-11-11,160.5930633544922
2021-11-12,162.54583740234375
2021-11-15,162.38064575195312
2021-11-16,164.09054565429688
2021-11-17,163.5950469970703
2021-11-18,165.22718811035156
2021-11-19,166.4319305419922
2021-11-22,164.57627868652344
2021-11-23,164.19740295410156
2021-11-24,165.39239501953125
2021-11-26,161.2633819580078
2021-11-29,165.2952117919922
2021-11-30,163.91566467285156
2021-12-01,161.67144775390625
2021-12-02,163.1578826904297
2021-12-03,160.42791748046875
2021-12-06,161.95315551757812
2021-12-07,167.6074676513672
2021-12-08,168.3749542236328
2021-12-09,166.55821228027344
2021-12-10,169.90028381347656
2021-12-13,167.37429809570312
2021-12-14,164.62486267089844
2021-12-15,168.98704528808594
2021-12-16,164.19740295410156
2021-12-17,163.09957885742188
2021-12-20,161.15968322753906
2021-12-21,165.23806762695312
2021-12-22,167.39892578125
2021-12-23,168.3333740234375
2021-12-27,171.9445343017578
2021-12-28,171.0490264892578
2021-12-29,171.195068359375
2021-12-30,170.0659637451172
2021-12-31,169.2386016845703
2022-01-03,170.8446807861328
2022-01-04,169.03416442871094
2022-01-05,163.83642578125
2022-01-06,163.00904846191406
2022-01-07,161.51007080078125
2022-01-10,161.539306640625
2022-01-11,163.47625732421875
2022-01-12,164.24520874023438
2022-01-13,159.9916229248047
2022-01-14,161.34463500976562
2022-01-18,157.4706573486328
2022-01-19,155.27084350585938
2022-01-20,153.2657012939453
2022-01-21,150.21905517578125
2022-01-24,150.99777221679688
2022-01-25,147.50338745117188
2022-01-26,148.3696746826172
2022-01-27,147.34765625
2022-01-28,153.7913055419922
2022-01-31,157.6555633544922
2022-02-01,158.06436157226562
2022-02-02,159.34921264648438
2022-02-03,154.7257537841797
2022-02-04,155.34873962402344
2022-02-07,154.31692504882812
2022-02-08,156.22470092773438
2022-02-09,159.6898956298828
2022-02-10,155.51416015625
2022-02-11,150.76417541503906
2022-02-14,150.7154998779297
2022-02-15,154.6770782470703
2022-02-16,154.5213623046875
2022-02-17,149.8978729248047
2022-02-18,148.37940979003906
2022-02-22,147.0070343017578
2022-02-23,143.3276824951172
2022-02-24,148.22372436523438
2022-02-25,150.23854064941406
2022-02-28,149.96600341796875
2022-03-01,146.96803283691406
2022-03-02,150.15093994140625
2022-03-03,148.35997009277344
2022-03-04,145.76107788085938
2022-03-07,140.42706298828125
2022-03-08,139.74569702148438
2022-03-09,145.27438354492188
2022-03-10,142.73391723632812
2022-03-11,140.22262573242188
2022-03-14,137.62376403808594
2022-03-15,142.24720764160156
2022-03-16,146.87069702148438
2022-03-17,147.91220092773438
2022-03-18,150.93936157226562
2022-03-21,150.65267944335938
2022-03-22,152.8175506591797
2022-03-23,150.46739196777344
2022-03-24,154.37779235839844
2022-03-25,154.29002380371094
2022-03-28,156.1233367919922
2022-03-29,159.4388885498047
2022-03-30,157.31304931640625
2022-03-31,154.98239135742188
2022-04-01,154.52406311035156
2022-04-04,157.4593048095703
2022-04-05,154.14376831054688
2022-04-06,150.49664306640625
2022-04-07,150.730712890625
2022-04-08,148.6243438720703
2022-04-11,144.87974548339844
2022-04-12,144.23611450195312
2022-04-13,146.55699157714844
2022-04-14,142.9976806640625
2022-04-18,143.46571350097656
2022-04-19,146.1571807861328
2022-04-20,146.02064514160156
2022-04-21,143.5437469482422
2022-04-22,139.52606201171875
2022-04-25,141.62265014648438
2022-04-26,136.3470458984375
2022-04-27,138.36563110351562
2022-04-28,143.90455627441406
2022-04-29,137.9073028564453
2022-05-02,140.00390625
2022-05-03,140.24769592285156
2022-05-04,145.17227172851562
2022-05-05,138.1901092529297
2022-05-06,137.07843017578125
2022-05-09,131.7735595703125
2022-05-10,133.7823944091797
2022-05-11,129.5599365234375
2022-05-12,128.22396850585938
2022-05-13,132.48541259765625
2022-05-16,131.31521606445312
2022-05-17,135.11834716796875
2022-05-18,128.93580627441406
2022-05-19,127.52185821533203
2022-05-20,127.80462646484375
2022-05-23,130.73988342285156
2022-05-24,128.79931640625
2022-05-25,130.30105590820312
2022-05-26,133.4313507080078
2022-05-27,137.9463348388672
2022-05-31,136.9613800048828
2022-06-01,136.55184936523438
2022-06-02,139.85763549804688
2022-06-03,136.51283264160156
2022-06-06,136.52255249023438
2022-06-07,138.15109252929688
2022-06-08,136.59085083007812
2022-06-09,132.94374084472656
2022-06-10,127.83389282226562
2022-06-13,122.16819763183594
2022-06-14,122.93858337402344
2022-06-15,125.53250122070312
2022-06-16,120.42266845703125
2022-06-17,121.52462005615234
2022-06-21,124.61705017089844
2022-06-22,124.08909606933594
2022-06-23,125.94674682617188
2022-06-24,130.47344970703125
2022-06-27,129.59353637695312
2022-06-28,125.71208953857422
2022-06-29,125.96627807617188
2022-06-30,124.2846450805664
2022-07-01,124.56818389892578
2022-07-05,126.13248443603516
2022-07-06,127.21772766113281
2022-07-07,129.8477325439453
2022-07-08,129.9063720703125
2022-07-11,128.11720275878906
2022-07-12,126.36714172363281
2022-07-13,126.03472137451172
2022-07-14,127.18839263916016
2022-07-15,129.42733764648438
2022-07-18,128.17587280273438
2022-07-19,132.086669921875
2022-07-20,134.14959716796875
2022-07-21,136.03652954101562
2022-07-22,134.15936279296875
2022-07-25,133.30877685546875
2022-07-26,131.14805603027344
2022-07-27,136.7893829345703
2022-07-28,138.87184143066406
2022-07-29,141.00320434570312
2022-08-01,140.70016479492188
2022-08-02,139.702880859375
2022-08-03,143.41815185546875
2022-08-04,144.0731964111328
2022-08-05,143.74078369140625
2022-08-08,142.5186767578125
2022-08-09,141.09120178222656
2022-08-10,144.943359375
2022-08-11,144.37625122070312
2022-08-12,147.250732421875
2022-08-15,148.17950439453125
2022-08-16,147.77865600585938
2022-08-17,146.7227783203125
2022-08-18,147.48538208007812
2022-08-19,144.8064727783203
2022-08-22,140.76858520507812
2022-08-23,140.39706420898438
2022-08-24,140.48507690429688
2022-08-25,142.86087036132812
2022-08-26,136.7600555419922
2022-08-29,134.9512939453125
2022-08-30,133.5434112548828
2022-08-31,132.24307250976562
2022-09-01,131.59783935546875
2022-09-02,129.8868408203125
2022-09-06,129.0264892578125
2022-09-07,131.08941650390625
2022-09-08,131.53912353515625
2022-09-09,134.13978576660156
2022-09-12,136.29075622558594
2022-09-13,129.05577087402344
2022-09-14,129.52508544921875
2022-09-15,126.54312133789062
2022-09-16,125.83917999267578
2022-09-19,126.86537170410156
2022-09-20,126.12045288085938
2022-09-21,124.15044403076172
2022-09-22,122.88610076904297
2022-09-23,121.27873229980469
2022-09-26,120.43582916259766
2022-09-27,120.59265899658203
2022-09-28,121.8667984008789
2022-09-29,118.69125366210938
2022-09-30,116.41739654541016
2022-10-03,120.02417755126953
2022-10-04,124.05244445800781
2022-10-05,124.46408081054688
2022-10-06,123.44478607177734
2022-10-07,118.36781311035156
2022-10-10,116.378173828125
2022-10-11,114.59437561035156
2022-10-12,114.2415542602539
2022-10-13,117.78954315185547
2022-10-14,114.47677612304688
2022-10-17,117.96597290039062
2022-10-18,118.96566772460938
2022-10-19,118.62263488769531
2022-10-20,118.69125366210938
2022-10-21,121.8667984008789
2022-10-24,123.5525894165039
2022-10-25,125.91465759277344
2022-10-26,123.11151885986328
2022-10-27,121.70997619628906
2022-10-28,127.00257873535156
2022-10-31,125.32659149169922
2022-11-01,124.27787780761719
2022-11-02,119.98497772216797
2022-11-03,116.45658874511719
2022-11-04,118.58343505859375
2022-11-07,120.56326293945312
2022-11-08,121.71978759765625
2022-11-09,118.55403137207031
2022-11-10,128.2963409423828
2022-11-11,130.49179077148438
2022-11-14,129.37445068359375
2022-11-15,130.94261169433594
2022-11-16,129.1489715576172
2022-11-17,129.31564331054688
2022-11-18,129.46261596679688
2022-11-21,128.07090759277344
2022-11-22,130.55056762695312
2022-11-23,131.70712280273438
2022-11-25,130.94261169433594
2022-11-28,128.13951110839844
2022-11-29,126.88496398925781
2022-11-30,133.2556610107422
2022-12-01,133.44189453125
2022-12-02,132.66761779785156
2022-12-05,130.46237182617188
2022-12-06,127.66905212402344
2022-12-07,127.02217864990234
2022-12-08,129.10000610351562
2022-12-09,128.3061065673828
2022-12-12,131.10923767089844
2022-12-13,132.65780639648438
2022-12-14,131.54046630859375
2022-12-15,126.6203384399414
2022-12-16,124.94434356689453
2022-12-19,123.27828216552734
2022-12-20,123.46502685546875
2022-12-21,125.509521484375
2022-12-22,122.34451293945312
2022-12-23,122.47227478027344
2022-12-27,121.31243133544922
2022-12-28,119.35643005371094
2022-12-29,122.48210906982422
2022-12-30,122.31501770019531
2023-01-03,121.15515899658203
2023-01-04,121.4697036743164
2023-01-05,119.1106948852539
2023-01-06,122.60006713867188
2023-01-09,124.02529907226562
2023-01-10,124.79198455810547
2023-01-11,126.95441436767578
2023-01-12,127.89801788330078
2023-01-13,128.26171875
2023-01-17,128.84164428710938
2023-01-18,127.18048858642578
2023-01-19,125.69628143310547
2023-01-20,129.09718322753906
2023-01-23,132.0361328125
2023-01-24,131.97718811035156
2023-01-25,131.70196533203125
2023-01-26,133.80540466308594
2023-01-27,134.36566162109375
2023-01-30,131.80023193359375
2023-01-31,133.6383056640625
2023-02-01,136.78366088867188
2023-02-02,140.51878356933594
2023-02-03,139.34912109375
2023-02-06,137.6486053466797
2023-02-07,141.08885192871094
2023-02-08,139.38836669921875
2023-02-09,138.6217041015625
2023-02-10,137.9828338623047
2023-02-13,140.37132263183594
2023-02-14,140.97091674804688
2023-02-15,141.62945556640625
2023-02-16,139.1721649169922
2023-02-17,137.43238830566406
2023-02-21,134.16908264160156
2023-02-22,133.9724578857422
2023-02-23,136.1938934326172
2023-02-24,133.76609802246094
2023-02-27,134.48362731933594
2023-02-28,134.1887664794922
2023-03-01,133.20584106445312
2023-03-02,134.84732055664062
2023-03-03,137.7469024658203
2023-03-06,138.4054718017578
2023-03-07,136.68533325195312
2023-03-08,137.81573486328125
2023-03-09,135.8400421142578
2023-03-10,133.45155334472656
2023-03-13,134.1789093017578
2023-03-14,137.2751007080078
2023-03-15,137.35374450683594
2023-03-16,141.20681762695312
2023-03-17,141.01025390625
2023-03-20,141.3904571533203
2023-03-21,142.53317260742188
2023-03-22,141.11463928222656
2023-03-23,143.409912109375
2023-03-24,143.78424072265625
2023-03-27,142.6710968017578
2023-03-28,142.001220703125
2023-03-29,144.97621154785156
2023-03-30,146.66070556640625
2023-03-31,148.75897216796875
2023-04-03,148.52252197265625
2023-04-04,147.7049102783203
2023-04-05,146.0203857421875
2023-04-06,146.84791564941406
2023-04-10,146.76905822753906
2023-04-11,145.3899383544922
2023-04-12,144.5624542236328
2023-04-13,147.25177001953125
2023-04-14,146.4341583251953
2023-04-17,146.96609497070312
2023-04-18,147.41925048828125
2023-04-19,146.9956512451172
2023-04-20,146.03024291992188
2023-04-21,145.55740356445312
2023-04-24,144.91708374023438
2023-04-25,141.82391357421875
2023-04-26,143.93202209472656
2023-04-27,146.98582458496094
2023-04-28,148.58164978027344
2023-05-01,148.67030334472656
2023-05-02,147.2813262939453
2023-05-03,146.0401153564453
2023-05-04,145.34066772460938
2023-05-05,148.9855499267578
2023-05-08,148.90673828125
2023-05-09,147.76402282714844
2023-05-10,149.56675720214844
2023-05-11,148.89688110351562
2023-05-12,148.6998748779297
2023-05-15,149.93124389648438
2023-05-16,150.08883666992188
2023-05-17,152.08859252929688
2023-05-18,155.20147705078125
2023-05-19,155.13250732421875
2023-05-22,155.4280548095703
2023-05-23,153.13275146484375
2023-05-24,152.00978088378906
2023-05-25,157.84153747558594
2023-05-26,162.3236846923828
2023-05-30,163.19056701660156
2023-05-31,161.83116149902344
2023-06-01,163.4762420654297
2023-06-02,164.41207885742188
2023-06-05,163.46640014648438
2023-06-06,163.42701721191406
2023-06-07,160.9839630126953
2023-06-08,162.72760009765625
2023-06-09,163.53536987304688
2023-06-12,167.091552734375
2023-06-13,168.10618591308594
2023-06-14,169.83995056152344
2023-06-15,172.02688598632812
2023-06-16,170.60833740234375
2023-06-20,169.4553680419922
2023-06-21,166.94798278808594
2023-06-22,168.31024169921875
2023-06-23,166.4840087890625
2023-06-26,165.28955078125
2023-06-27,168.5471649169922
2023-06-28,168.64588928222656
2023-06-29,168.94204711914062
2023-06-30,171.62709045410156
2023-07-03,171.26185607910156
2023-07-05,170.20558166503906
2023-07-06,169.75149536132812
2023-07-07,169.0111541748047
2023-07-10,169.4553680419922
2023-07-11,169.8206024169922
2023-07-12,171.7455596923828
2023-07-13,173.98638916015625
2023-07-14,173.72975158691406
2023-07-17,175.9508514404297
2023-07-18,177.94488525390625
2023-07-19,177.50067138671875
2023-07-20,173.95680236816406
2023-07-21,173.86795043945312
2023-07-24,174.17396545410156
2023-07-25,176.1680145263672
2023-07-26,173.79884338378906
2023-07-27,173.29539489746094
2023-07-28,175.6547088623047
2023-07-31,176.0594482421875
2023-08-01,176.35557556152344
2023-08-02,171.99234008789062
2023-08-03,171.2914581298828
2023-08-04,168.96177673339844
2023-08-07,169.4356231689453
2023-08-08,168.132568359375
2023-08-09,165.96080017089844
2023-08-10,165.9805450439453
2023-08-11,164.75645446777344
2023-08-14,167.38232421875
2023-08-15,165.73377990722656
2023-08-16,164.15431213378906
2023-08-17,162.59461975097656
2023-08-18,162.84140014648438
2023-08-21,165.95094299316406
2023-08-22,165.7633819580078
2023-08-23,168.7544403076172
2023-08-24,164.86508178710938
2023-08-25,166.54324340820312
2023-08-28,167.90548706054688
2023-08-29,171.27171325683594
2023-08-30,172.56488037109375
2023-08-31,173.4039764404297
2023-09-01,173.9370574951172
2023-09-05,174.55892944335938
2023-09-06,172.7129669189453
2023-09-07,170.21543884277344
2023-09-08,170.57083129882812
2023-09-11,171.45928955078125
2023-09-12,168.34971618652344
2023-09-13,168.7742156982422
2023-09-14,169.998291015625
2023-09-15,166.73077392578125
2023-09-18,167.53211975097656
2023-09-19,167.4430694580078
2023-09-20,164.81161499023438
2023-09-21,162.2988739013672
2023-09-22,162.6451416015625
2023-09-25,163.16944885253906
2023-09-26,160.23133850097656
2023-09-27,160.47865295410156
2023-09-28,161.6162872314453
2023-09-29,162.17027282714844
2023-10-02,163.91140747070312
2023-10-03,161.13153076171875
2023-10-04,163.1397705078125
2023-10-05,163.35740661621094
2023-10-06,166.41424560546875
2023-10-09,167.27488708496094
2023-10-10,167.53211975097656
2023-10-11,169.0852508544922
2023-10-12,169.24351501464844
2023-10-13,166.81983947753906
2023-10-16,168.4224395751953
2023-10-17,167.6409149169922
2023-10-18,165.91958618164062
2023-10-19,164.96990966796875
2023-10-20,162.18017578125
2023-10-23,162.36814880371094
2023-10-24,163.48599243164062
2023-10-25,161.55691528320312
2023-10-26,158.47042846679688
2023-10-27,159.39044189453125
2023-10-30,161.1018829345703
2023-10-31,162.24942016601562
2023-11-01,165.38539123535156
2023-11-02,168.18502807617188
2023-11-03,169.91624450683594
2023-11-06,171.0341033935547
2023-11-07,172.90382385253906
2023-11-08,173.88319396972656
2023-11-09,173.07196044921875
2023-11-10,177.59292602539062
2023-11-13,176.55419921875
2023-11-14,180.0858612060547
2023-11-15,180.31341552734375
2023-11-16,181.21363830566406
2023-11-17,180.83773803710938
2023-11-20,183.45925903320312
2023-11-21,181.97537231445312
2023-11-22,182.78659057617188
2023-11-24,182.43045043945312
2023-11-27,182.42054748535156
2023-11-28,182.76678466796875
2023-11-29,182.90528869628906
2023-11-30,183.17237854003906
2023-12-01,183.58786010742188
2023-12-04,181.35215759277344
2023-12-05,182.4403533935547
2023-12-06,180.89707946777344
2023-12-07,183.09324645996094
2023-12-08,184.6562957763672
2023-12-11,186.26878356933594
2023-12-12,187.50535583496094
2023-12-13,189.15745544433594
2023-12-14,188.69248962402344
2023-12-15,189.64219665527344
2023-12-18,190.20928955078125
2023-12-19,190.9330596923828
2023-12-20,188.04794311523438
2023-12-21,190.1597137451172
2023-12-22,190.40760803222656
2023-12-26,191.20074462890625
2023-12-27,191.1908416748047
2023-12-28,191.4188690185547
2023-12-29,190.8339080810547
2024-01-02,185.83702087402344
2024-01-03,183.943359375
2024-01-04,182.594970703125
2024-01-05,182.54539489746094
2024-01-08,187.12588500976562
2024-01-09,187.42332458496094
2024-01-10,189.01954650878906
2024-01-11,189.98126220703125
2024-01-12,190.59597778320312
2024-01-16,191.0718536376953
2024-01-17,190.1300048828125
2024-01-18,193.98672485351562
2024-01-19,198.45814514160156
2024-01-22,199.33062744140625
2024-01-23,200.13369750976562
2024-01-24,201.51181030273438
2024-01-25,202.3545379638672
2024-01-26,200.02462768554688
2024-01-29,201.85882568359375
2024-01-30,200.1931915283203
2024-01-31,195.98941040039062
2024-02-01,198.45814514160156
2024-02-02,200.51043701171875
2024-02-05,200.9665069580078
2024-02-06,200.0444793701172
2024-02-07,202.69161987304688
2024-02-08,203.32615661621094
2024-02-09,206.06253051757812
2024-02-12,204.49606323242188
2024-02-13,201.02598571777344
2024-02-14,203.12786865234375
2024-02-15,202.70152282714844
2024-02-16,200.83763122558594
2024-02-20,198.79525756835938
2024-02-21,197.54598999023438
2024-02-22,204.01026916503906
2024-02-23,203.5343475341797
2024-02-26,203.732666015625
2024-02-27,203.91110229492188
2024-02-28,202.94940185546875
2024-02-29,205.2099151611328
2024-03-01,208.95758056640625
2024-03-04,208.95758056640625
2024-03-05,203.82188415527344
2024-03-06,205.43795776367188
2024-03-07,208.67996215820312
2024-03-08,205.57675170898438
2024-03-11,205.01161193847656
2024-03-12,209.21536254882812
2024-03-13,206.95486450195312
2024-03-14,206.9945068359375
2024-03-15,203.8714599609375
2024-03-18,204.87347412109375
2024-03-19,205.93606567382812
2024-03-20,208.2400360107422
2024-03-21,208.38900756835938
2024-03-22,208.45852661132812
2024-03-25,207.078125
2024-03-26,206.2240753173828
2024-03-27,207.27674865722656
2024-03-28,206.82984924316406
2024-04-01,207.40585327148438
2024-04-02,205.4097442626953
2024-04-03,205.95594787597656
2024-04-04,202.6986083984375
2024-04-05,205.02244567871094
2024-04-08,204.78411865234375
2024-04-09,205.81690979003906
2024-04-10,203.2944793701172
2024-04-11,207.35618591308594
2024-04-12,203.9995574951172
2024-04-15,200.12652587890625
2024-04-16,200.3648681640625
2024-04-17,197.47500610351562
2024-04-18,195.22068786621094
2024-04-19,191.19869995117188
2024-04-22,192.90679931640625
2024-04-23,195.76687622070312
2024-04-24,196.66065979003906
2024-04-25,196.233642578125
2024-04-26,198.44822692871094
2024-04-29,199.30226135253906
2024-04-30,194.91282653808594
2024-05-01,192.91671752929688
2024-05-02,195.69737243652344
2024-05-03,201.14939880371094
2024-05-06,203.51295471191406
2024-05-07,202.84756469726562
2024-05-08,203.42356872558594
2024-05-09,203.36398315429688
2024-05-10,204.11871337890625
2024-05-13,205.08201599121094
2024-05-14,206.8993682861328
2024-05-15,211.55694580078125
2024-05-16,210.8220672607422
2024-05-17,210.35531616210938
2024-05-20,212.82809448242188
2024-05-21,213.17567443847656
2024-05-22,213.65234375
2024-05-23,211.91444396972656
2024-05-24,213.70201110839844
2024-05-28,214.60569763183594
2024-05-29,213.2451934814453
2024-05-30,208.3790740966797
2024-05-31,208.706787109375
2024-06-03,209.23312377929688
2024-06-04,209.6700897216797
2024-06-05,214.32763671875
2024-06-06,213.61264038085938
2024-06-07,214.10919189453125
2024-06-10,214.65538024902344
2024-06-11,218.64756774902344
2024-06-12,223.48388671875
2024-06-13,225.2515869140625
2024-06-14,226.095703125
2024-06-17,229.5218505859375
2024-06-18,229.8098602294922
2024-06-20,227.2278289794922
2024-06-21,226.83059692382812
2024-06-24,221.26951599121094
2024-06-25,225.3284149169922
2024-06-26,225.0697479248047
2024-06-27,225.17919921875
2024-06-28,225.059814453125
2024-07-01,226.76095581054688
2024-07-02,227.89505004882812
2024-07-03,230.96908569335938
2024-07-05,231.6754150390625
2024-07-08,233.25717163085938
2024-07-09,233.0681610107422
2024-07-10,236.4505615234375
2024-07-11,230.53134155273438
2024-07-12,232.5906524658203
2024-07-15,233.0084686279297
2024-07-16,232.23251342773438
2024-07-17,223.19947814941406
2024-07-18,223.21937561035156
2024-07-19,219.72752380371094
2024-07-22,224.9304656982422
2024-07-23,224.03512573242188
2024-07-24,214.76333618164062
2024-07-25,212.46530151367188
2024-07-26,215.1612548828125
2024-07-29,214.20623779296875
2024-07-30,208.82421875
2024-07-31,217.66822814941406
2024-08-01,209.55044555664062
2024-08-02,203.66107177734375
2024-08-05,196.87632751464844
2024-08-06,199.55242919921875
2024-08-07,196.31924438476562
2024-08-08,203.651123046875
2024-08-09,204.5663604736328
2024-08-12,206.23765563964844
2024-08-13,212.57470703125
2024-08-14,213.73867797851562
2024-08-15,219.88670349121094
2024-08-16,220.2547607421875
2024-08-19,223.8859100341797
2024-08-20,223.09999084472656
2024-08-21,224.4131622314453
2024-08-22,219.25001525878906
2024-08-23,222.80154418945312
2024-08-26,220.00607299804688
2024-08-27,221.3391571044922
2024-08-28,218.2850341796875
2024-08-29,216.31527709960938
2024-08-30,219.19032287597656
2024-09-03,209.12266540527344
2024-09-04,208.58544921875
2024-09-05,208.26712036132812
2024-09-06,202.8651885986328
2024-09-09,206.1879119873047
2024-09-10,209.27188110351562
2024-09-11,216.41473388671875
2024-09-12,218.20542907714844
2024-09-13,219.29974365234375
2024-09-16,218.46408081054688
2024-09-17,218.03631591796875
2024-09-18,216.0466766357422
2024-09-19,222.46328735351562
2024-09-20,221.37893676757812
2024-09-23,221.33807373046875
2024-09-24,222.85292053222656
2024-09-25,223.4907684326172
2024-09-26,226.45069885253906
2024-09-27,224.33790588378906
2024-09-30,224.9956512451172
2024-10-01,219.5142822265625
2024-10-02,221.13876342773438
2024-10-03,222.05563354492188
2024-10-04,224.52723693847656
2024-10-07,222.9824981689453
2024-10-08,227.14833068847656
2024-10-09,229.68971252441406
2024-10-10,229.62991333007812
2024-10-11,230.028564453125
2024-10-14,233.02838134765625
2024-10-15,227.90576171875
2024-10-16,228.61337280273438
2024-10-17,229.3109893798828
2024-10-18,230.1282196044922
2024-10-21,231.20455932617188
2024-10-22,230.9653778076172
2024-10-23,227.6566162109375
2024-10-24,228.32435607910156
2024-10-25,229.5102996826172
2024-10-28,229.4405517578125
2024-10-29,232.53005981445312
2024-10-30,228.83261108398438
2024-10-31,221.48757934570312
2024-11-01,223.15191650390625
2024-11-04,222.9824981689453
2024-11-05,226.121826171875
2024-11-06,232.55995178222656
2024-11-07,236.61618041992188
2024-11-08,236.35707092285156
2024-11-11,235.05149841308594
2024-11-12,235.3504638671875
2024-11-13,234.5332489013672
2024-11-14,233.7359619140625
2024-11-15,227.93568420410156
2024-11-18,228.67315673828125
2024-11-19,230.5467987060547
2024-11-20,230.34747314453125
2024-11-21,232.68951416015625
2024-11-22,232.80911254882812
2024-11-25,232.7991485595703
2024-11-26,233.96517944335938
2024-11-27,230.7959442138672
2024-11-29,232.9386749267578
2024-12-02,235.15115356445312
2024-12-03,235.99827575683594
2024-12-04,240.31361389160156
2024-12-05,239.09774780273438
2024-12-06,240.02459716796875
2024-12-09,238.45993041992188
2024-12-10,235.15115356445312
2024-12-11,238.5595703125
2024-12-12,237.22412109375
2024-12-13,238.24066162109375
2024-12-16,240.62257385253906
2024-12-17,239.16749572753906
2024-12-18,231.45372009277344
2024-12-19,231.70286560058594
2024-12-20,235.16111755371094
2024-12-23,237.65274047851562
2024-12-24,240.10842895507812
2024-12-26,240.26815795898438
2024-12-27,237.07376098632812
2024-12-30,234.05905151367188
